"treated","age","educ","nodegree","married","black","hisp","moa","re75","re76","re77","re78","re79","re74","afdc75","nchildren75","zero74","zero75","redif","lalonde","psid1","psid2","sample_lalonde","sample_dw","sample_early"
0,42,10,1,0,1,0,-8,0,0,0,0,0,0,1,2,1,1,0,1,0,0,1,1,
0,35,14,0,0,1,0,-17,0,724.7763671875,1133.37927246094,,0,0,1,2,1,1,0,1,0,0,1,1,1
0,33,11,1,0,1,0,-11,,,1026.11169433594,8783.40234375,0,,1,3,0,0,,0,0,0,1,,
1,42,12,0,0,1,0,-15,0,1817.55590820312,4240.2919921875,0,,0,1,0,1,1,,0,0,0,1,1,1
0,44,10,1,0,1,0,-12,0,0,0,0,0,0,1,1,1,1,0,1,0,0,1,1,
1,24,11,1,0,1,0,-13,0,824.499328613281,8920.3056640625,,0,0,1,1,1,1,0,1,0,0,1,1,1
0,38,10,1,0,1,0,-10,1473.57666015625,633.363952636719,0,0,4164.98046875,1473.57666015625,1,1,0,0,2691.40380859375,1,0,0,1,,
1,38,12,0,0,1,0,-9,0,0,6211.2734375,2630.94482421875,0,0,1,3,1,1,0,1,0,0,1,1,
1,24,7,1,0,1,0,-15,1184.07775878906,1324.49560546875,1300.71118164062,0,0,1578.77026367188,1,1,0,0,-1184.07775878906,1,0,0,1,1,1
0,25,9,1,0,1,0,-10,0,0,8587.384765625,13018.5458984375,,0,1,2,1,1,,0,0,0,1,1,
0,25,11,1,0,1,0,-20,981.903137207031,449.302734375,744.455322265625,,,2945.70947265625,1,1,0,0,,0,0,0,1,1,1
0,43,10,1,0,0,0,-7,0,0,,,,0,1,5,1,1,,0,0,0,1,1,
1,34,9,1,0,0,1,-11,0,0,6856.48291015625,0,0,0,1,5,1,1,0,1,0,0,1,1,
0,34,10,1,0,1,0,-11,0,0,,13065.203125,0,0,1,4,1,1,0,1,0,0,1,1,
1,27,14,0,0,1,0,-15,11668.046875,,,,,12393.630859375,1,2,0,0,,0,0,0,1,1,1
0,31,11,1,0,1,0,-14,4643.9697265625,151.139587402344,0,4839.275390625,5266.091796875,5210.02880859375,1,2,0,0,622.1220703125,1,0,0,1,1,1
0,25,8,1,0,0,1,-8,0,0,1350.15026855469,9164.1318359375,,0,1,3,1,1,,0,0,0,1,1,
1,39,10,1,0,1,0,-15,0,2159.46899414062,6654.8642578125,7583.3603515625,6605.2890625,0,1,4,1,1,6605.2890625,1,0,0,1,1,1
0,25,10,1,0,1,0,-18,3264.6201171875,0,,,,6529.240234375,1,2,0,0,,0,0,0,1,1,1
1,24,11,1,0,1,0,-12,0,0,3354.00463867188,0,0,0,1,2,1,1,0,1,0,0,1,1,
0,34,11,1,0,1,0,-16,0,0,0,,1834.22778320312,0,1,2,1,1,1834.22778320312,1,0,0,1,1,1
0,31,11,1,0,1,0,-11,0,0,,,,0,1,1,1,1,,0,0,0,1,1,
1,35,10,1,0,1,0,-9,0,0,2596.978515625,0,0,0,1,3,1,1,0,1,0,0,1,1,
0,32,11,1,0,1,0,-19,3792.92016601562,3391.33935546875,8842.9521484375,,9959.4326171875,9103.0087890625,1,5,0,0,6166.5126953125,1,0,0,1,1,1
1,32,10,1,0,1,0,-14,0,955.951416015625,7236.3212890625,8240.046875,10425.3251953125,0,1,5,1,1,10425.3251953125,1,0,0,1,1,1
0,25,11,1,0,1,0,-22,622.515930175781,880.306823730469,0,,9198.5888671875,0,1,1,1,0,8576.0732421875,1,0,0,1,1,1
0,27,11,1,0,1,0,-5,0,0,0,0,4704.97314453125,0,1,1,1,1,4704.97314453125,1,0,0,1,1,
1,31,12,0,0,1,0,-16,0,4010.00439453125,6559.3046875,,4174.62158203125,0,1,2,1,1,4174.62158203125,1,0,0,1,1,1
0,27,10,1,0,1,0,-9,0,0,6821.86474609375,8404.1357421875,205.111663818359,0,1,1,1,1,205.111663818359,1,0,0,1,1,
1,27,10,1,0,1,0,-9,0,0,6118.49609375,1152.79125976562,0,0,1,2,1,1,0,1,0,0,1,1,
0,35,12,0,0,1,0,-12,0,0,0,,0,0,1,2,1,1,0,1,0,0,1,1,
1,40,9,1,0,0,1,-10,0,0,5645.34716796875,0,0,0,1,5,1,1,0,1,0,0,1,1,
0,28,11,1,0,1,0,-17,1231.85913085938,1557.31896972656,597.465393066406,,0,2111.75854492188,1,1,0,0,-1231.85913085938,1,0,0,1,1,1
1,22,12,0,0,1,0,-5,2753.98901367188,2137.26611328125,470.298370361328,21207.060546875,,2753.98901367188,1,2,0,0,,0,0,0,1,,
0,24,9,1,0,1,0,-13,0,,,,8687.82421875,0,1,1,1,1,8687.82421875,1,0,0,1,1,1
0,32,12,0,0,1,0,-16,0,0,3992.59692382812,,8092.03857421875,0,1,2,1,1,8092.03857421875,1,0,0,1,1,1
1,33,12,0,0,1,0,-12,0,0,,,,0,1,0,1,1,,0,0,0,1,1,
1,24,11,1,0,1,0,-7,0,0,3973.3525390625,3230.26293945312,0,0,1,1,1,1,0,1,0,0,1,1,
0,26,11,1,0,1,0,-5,8317.9970703125,6886.8203125,824.499328613281,326.089447021484,757.784240722656,8317.9970703125,1,1,0,0,-7560.212890625,1,0,0,1,,
1,30,12,0,0,1,0,-13,0,118.679222106934,237.358444213867,0,0,0,1,4,1,1,0,1,0,0,1,1,1
0,46,11,1,0,0,1,-10,0,514.954284667969,0,0,0,0,1,1,1,1,0,1,0,0,1,1,
0,40,8,1,0,1,0,-13,0,0,0,0,0,0,1,2,1,1,0,1,0,0,1,1,1
1,37,9,1,0,1,0,-7,0,0,5374.85498046875,4213.1357421875,0,0,1,1,1,1,0,1,0,0,1,1,
1,27,11,1,0,1,0,-12,0,0,6557.7333984375,,,0,1,2,1,1,,0,0,0,1,1,
0,31,10,1,0,1,0,-6,4741.5146484375,2370.75732421875,3109.80932617188,2782.1376953125,0,4741.5146484375,1,2,0,0,-4741.5146484375,1,0,0,1,,
1,26,12,0,0,1,0,-8,0,503.636474609375,1060.189453125,0,,0,1,2,1,1,,0,0,0,1,1,
0,28,12,0,0,1,0,-9,0,0,0,0,,0,1,1,1,1,,0,0,0,1,1,
1,22,7,1,0,1,0,-7,0,0,4197.96875,4223.16796875,1931.24719238281,0,1,1,1,1,1931.24719238281,1,0,0,1,1,
1,37,12,0,0,1,0,-9,0,0,2212.17749023438,0,0,0,1,2,1,1,0,1,0,0,1,1,
1,33,7,1,0,1,0,-9,0,0,1017.99334716797,8076.4072265625,540.725402832031,0,1,2,1,1,540.725402832031,1,0,0,1,1,
0,24,8,1,0,1,0,-15,248.718612670898,899.807861328125,771.095092773438,,1144.2822265625,331.624816894531,1,1,0,0,895.563598632812,1,0,0,1,1,1
0,34,12,0,0,0,0,-17,0,0,0,,913.133117675781,0,1,2,1,1,913.133117675781,1,0,0,1,1,1
0,28,11,1,0,0,1,-12,0,0,7667.041015625,8455.1025390625,,0,1,1,1,1,,0,0,0,1,1,
0,30,8,1,0,1,0,-16,0,5791.10546875,5283.37060546875,,7334.00634765625,0,1,3,1,1,7334.00634765625,1,0,0,1,1,1
0,42,6,1,0,1,0,-19,0,0,0,,0,0,1,2,1,1,0,1,0,0,1,1,1
1,34,9,1,0,1,0,-9,0,0,6218.07568359375,11207.330078125,11550.228515625,0,1,4,1,1,11550.228515625,1,0,0,1,1,
0,24,12,0,0,1,0,-11,0,0,0,0,0,0,1,1,1,1,0,1,0,0,1,1,
1,34,12,0,0,1,0,-8,3360.7509765625,1120.25036621094,5748.65966796875,2933.40185546875,9583.9951171875,3360.7509765625,1,2,0,0,6223.244140625,1,0,0,1,,
1,24,12,0,0,1,0,-5,10041.6533203125,10669.94140625,5229.94775390625,9250.3271484375,8918.330078125,10041.6533203125,1,1,0,0,-1123.3232421875,1,0,0,1,,
0,25,10,1,0,1,0,-13,0,712.091735839844,8677.9052734375,9937.43359375,8548.7666015625,0,1,1,1,1,8548.7666015625,1,0,0,1,1,1
1,25,11,1,0,0,1,-8,0,0,986.829833984375,7611.05029296875,6881.4404296875,0,1,2,1,1,6881.4404296875,1,0,0,1,1,
0,27,9,1,0,0,1,-15,1598.55395507812,1907.556640625,6807.95263671875,0,,2131.4052734375,1,2,0,0,,0,0,0,1,1,1
1,29,11,1,0,1,0,-14,0,1367.68542480469,,,,0,1,3,1,1,,0,0,0,1,1,1
0,34,8,1,0,1,0,-11,0,0,0,0,,0,1,5,1,1,,0,0,0,1,1,
1,28,9,1,0,1,0,-7,0,0,4518.42236328125,3683.84326171875,,0,1,1,1,1,,0,0,0,1,1,
1,53,10,1,0,1,0,-13,0,752.808776855469,8902.9765625,,5266.544921875,0,1,1,1,1,5266.544921875,1,0,0,1,1,1
0,24,9,1,0,0,1,-11,0,0,0,0,0,0,1,1,1,1,0,1,0,0,1,1,
0,33,11,1,0,1,0,-15,0,0,0,0,0,0,1,3,1,1,0,1,0,0,1,1,1
0,30,10,1,0,1,0,-7,0,0,1547.32470703125,2473.19384765625,4819.48974609375,0,1,4,1,1,4819.48974609375,1,0,0,1,1,
1,27,10,1,0,1,0,-13,1013.41552734375,,,0,,819.071960449219,1,1,0,0,,0,0,0,1,1,1
0,26,14,0,0,1,0,-6,0,694.113342285156,0,2339.72485351562,9336.9677734375,0,1,1,1,1,9336.9677734375,1,0,0,1,1,
1,24,10,1,0,1,0,-9,2310.58251953125,3783.90869140625,,,,2310.58251953125,1,1,0,0,,0,0,0,1,,
1,40,11,1,0,1,0,-12,0,0,9154.619140625,,,0,1,1,1,1,,0,0,0,1,1,
0,35,12,0,0,0,0,-15,1953.8427734375,0,5622.96826171875,5378.513671875,3475.16162109375,2605.12377929688,1,2,0,0,1521.31884765625,1,0,0,1,1,1
1,29,9,1,0,0,1,-21,0,,,,,0,1,3,1,1,,0,0,0,1,1,1
1,41,10,1,0,1,0,-11,0,0,9468.6455078125,11665.359375,0,0,1,1,1,1,0,1,0,0,1,1,
0,31,12,0,0,1,0,-14,0,0,0,,8340.259765625,0,1,3,1,1,8340.259765625,1,0,0,1,1,1
0,38,8,1,1,1,0,-7,5104.59228515625,3650.45874023438,788.977416992188,222.751770019531,0,5104.59228515625,1,4,0,0,-5104.59228515625,1,0,0,1,,
0,56,9,1,0,1,0,-17,0,0,0,,0,0,1,1,1,1,0,1,0,0,1,1,1
1,20,8,1,0,1,0,-20,2096.5703125,6920.14794921875,4337.29541015625,,0,1718.25512695312,1,1,0,0,-2096.5703125,1,0,0,1,1,1
0,39,9,1,0,0,0,-15,0,0,0,0,0,0,1,3,1,1,0,1,0,0,1,1,1
1,41,12,0,0,1,0,-12,0,0,9564.0478515625,4482.1044921875,10265.7744140625,0,1,2,1,1,10265.7744140625,1,0,0,1,1,
1,43,11,1,0,1,0,-18,0,2359.20703125,5744.265625,,15846.494140625,0,1,4,1,1,15846.494140625,1,0,0,1,1,1
0,29,12,0,0,1,0,-13,11822.9296875,7266.1875,708.368041992188,,4982.42138671875,11863.3837890625,1,2,0,0,-6840.50830078125,1,0,0,1,1,1
0,46,8,1,0,1,0,-20,0,0,0,,0,0,1,2,1,1,0,1,0,0,1,1,1
1,35,10,1,0,1,0,-12,0,0,8561.88671875,1457.40710449219,6155.53564453125,0,1,4,1,1,6155.53564453125,1,0,0,1,1,
1,50,9,1,0,1,0,-18,0,5082.40576171875,2481.22729492188,,0,0,1,1,1,1,0,1,0,0,1,1,1
0,34,11,1,0,1,0,-6,0,0,357.813354492188,422.350219726562,2235.12353515625,0,1,0,1,1,2235.12353515625,1,0,0,1,1,
1,34,11,1,0,1,0,-12,0,0,9564.0478515625,,10236.029296875,0,1,3,1,1,10236.029296875,1,0,0,1,1,
1,40,12,0,0,1,0,-15,0,1324.49560546875,0,,,0,1,5,1,1,,0,0,0,1,1,1
1,28,10,1,0,1,0,-11,0,0,4382.203125,0,0,0,1,3,1,1,0,1,0,0,1,1,
1,36,12,0,0,1,0,-6,0,0,5294.1201171875,7814.71826171875,0,0,1,3,1,1,0,1,0,0,1,1,
1,48,7,1,0,1,0,-21,0,7086.65576171875,13486.6875,,,0,1,3,1,1,,0,0,0,1,1,1
0,41,10,1,0,1,0,-13,9383.2060546875,3370.669921875,4346.51171875,,0,9415.3115234375,1,2,0,0,-9383.2060546875,1,0,0,1,1,1
1,28,11,1,0,1,0,-12,0,1090.34497070312,4308.60595703125,8489.1025390625,0,0,1,0,1,1,0,1,0,0,1,1,
0,35,14,0,0,1,0,-11,0,0,,,,0,1,3,1,1,,0,0,0,1,1,
1,29,10,1,0,0,1,-8,0,0,5438.5439453125,8969.666015625,10539.4755859375,0,1,2,1,1,10539.4755859375,1,0,0,1,1,
1,25,10,1,0,1,0,-6,0,0,5904.9833984375,2888.59545898438,,0,1,2,1,1,,0,0,0,1,1,
0,35,11,1,0,1,0,-14,0,501.883544921875,5757.51318359375,2251.08276367188,,0,1,5,1,1,,0,0,0,1,1,1
1,27,10,1,0,1,0,-10,1074.62915039062,179.104858398438,5144.37841796875,4085.26831054688,0,1074.62915039062,1,4,0,0,-1074.62915039062,1,0,0,1,,
0,37,11,1,0,1,0,-14,359.595275878906,0,375.351104736328,0,0,431.514312744141,1,1,0,0,-359.595275878906,1,0,0,1,1,1
0,32,13,0,0,1,0,-5,0,648.685668945312,5354.259765625,895.790222167969,0,0,1,4,1,1,0,1,0,0,1,1,
0,39,8,1,0,1,0,-13,0,0,0,0,0,0,1,6,1,1,0,1,0,0,1,1,1
1,24,11,1,0,1,0,-19,300.101440429688,6735.64599609375,712.108154296875,,,0,1,3,1,0,,0,0,0,1,1,1
0,37,8,1,0,1,0,-11,5206.9658203125,433.913818359375,0,0,0,5206.9658203125,1,6,0,0,-5206.9658203125,1,0,0,1,,
0,33,12,0,0,1,0,-15,1459.93395996094,3172.99951171875,6562.7509765625,2696.81567382812,447.008544921875,1342.02026367188,1,2,0,0,-1012.92541503906,1,0,0,1,1,1
1,43,9,1,0,1,0,-19,0,5884.83447265625,11089.23046875,,10477.15234375,0,1,3,1,1,10477.15234375,1,0,0,1,1,1
1,42,12,0,0,0,0,-16,0,2618.60180664062,10638.1865234375,,10408.8134765625,0,1,2,1,1,10408.8134765625,1,0,0,1,1,1
1,26,11,1,0,1,0,-7,2321.62109375,1084.20007324219,5774.42919921875,5595.29833984375,158.512969970703,2321.62109375,1,1,0,0,-2163.10815429688,1,0,0,1,,
1,24,12,0,0,1,0,-5,786.913208007812,724.4189453125,1798.89050292969,0,0,786.913208007812,1,2,0,0,-786.913208007812,1,0,0,1,,
0,46,8,1,0,1,0,-15,0,4211.1669921875,1060.36987304688,0,0,0,1,0,1,1,0,1,0,0,1,1,1
1,27,10,1,0,1,0,-9,0,0,6489.34423828125,2647.646484375,0,0,1,1,1,1,0,1,0,0,1,1,
1,37,12,0,0,0,1,-11,0,0,6988.43896484375,10576.5322265625,10374.408203125,0,1,3,1,1,10374.408203125,1,0,0,1,1,
1,39,11,1,0,1,0,-18,0,4343.9033203125,8654.421875,,,0,1,3,1,1,,0,0,0,1,1,1
1,47,9,1,0,1,0,-5,0,0,0,0,,0,1,2,1,1,,0,0,0,1,1,
1,46,12,0,0,1,0,-18,0,4775.81689453125,4726.296875,,0,0,1,2,1,1,0,1,0,0,1,1,1
0,45,9,1,0,1,0,-6,0,320.217468261719,623.27099609375,531.259216308594,0,0,1,2,1,1,0,1,0,0,1,1,
0,45,12,0,0,1,0,-13,0,693.429565429688,0,0,225.761932373047,0,1,1,1,1,225.761932373047,1,0,0,1,1,1
1,35,9,1,0,1,0,-13,0,541.188415527344,8694.0234375,,8578.671875,0,1,4,1,1,8578.671875,1,0,0,1,1,1
1,29,11,1,0,1,0,-7,1088.97973632812,453.741577148438,5185.3515625,4620.07763671875,8601.9189453125,1088.97973632812,1,1,0,0,7512.939453125,1,0,0,1,,
0,29,12,0,0,1,0,-9,809.676818847656,1352.599609375,4329.34228515625,8692.2119140625,0,809.676818847656,1,3,0,0,-809.676818847656,1,0,0,1,,
0,45,9,1,0,1,0,-18,0,2300.19873046875,4336.0498046875,,2536.50219726562,0,1,2,1,1,2536.50219726562,1,0,0,1,1,1
1,22,11,1,0,1,0,-16,1311.84838867188,2801.7255859375,246.856704711914,,0,0,1,1,1,0,-1311.84838867188,1,0,0,1,1,1
1,27,12,0,0,1,0,-6,0,0,4925.23583984375,5788.29345703125,10720.2763671875,0,1,2,1,1,10720.2763671875,1,0,0,1,1,
0,46,9,1,0,1,0,-19,0,,,,,0,1,3,1,1,,0,0,0,1,1,1
0,22,12,0,0,1,0,-15,1231.46044921875,0,0,,0,1641.947265625,1,1,0,0,-1231.46044921875,1,0,0,1,1,1
1,41,12,0,0,1,0,-15,0,2591.3828125,6829.23388671875,4225.111328125,0,0,1,5,1,1,0,1,0,0,1,1,1
1,33,10,1,0,1,0,-19,8569.3515625,5073.57275390625,,,12172.6923828125,11108.91015625,1,3,0,0,3603.3408203125,1,0,0,1,1,1
0,25,11,1,0,1,0,-9,2513.00170898438,628.250427246094,,,,2513.00170898438,1,1,0,0,,0,0,0,1,,
1,29,12,0,0,1,0,-9,0,216.935806274414,4145.5205078125,3211.85546875,0,0,1,2,1,1,0,1,0,0,1,1,
0,27,11,1,0,1,0,-7,741.134460449219,308.806030273438,291.285186767578,0,,741.134460449219,1,2,0,0,,0,0,0,1,,
0,24,10,1,0,1,0,-11,0,0,1916.40844726562,8208.443359375,10425.3251953125,0,1,2,1,1,10425.3251953125,1,0,0,1,1,
0,27,10,1,0,1,0,-6,0,0,3201.2744140625,8073.5205078125,8548.7666015625,0,1,2,1,1,8548.7666015625,1,0,0,1,1,
1,30,8,1,0,1,0,-15,0,7935.57421875,4202.12451171875,0,8152.40625,0,1,6,1,1,8152.40625,1,0,0,1,1,1
1,40,12,0,0,1,0,-13,0,833.153747558594,9477.0458984375,8590.78515625,10286.267578125,0,1,2,1,1,10286.267578125,1,0,0,1,1,1
1,35,8,1,0,1,0,-5,0,0,4636.42236328125,,8133.38037109375,0,1,3,1,1,8133.38037109375,1,0,0,1,1,
0,49,10,1,0,1,0,-7,0,0,0,502.392211914062,,0,1,2,1,1,,0,0,0,1,1,
1,53,12,0,0,0,0,-15,0,2807.31469726562,11400.1123046875,1942.341796875,9972.458984375,0,1,1,1,1,9972.458984375,1,0,0,1,1,1
1,36,10,1,0,1,0,-7,0,0,5470.78515625,8218.6201171875,8368.63671875,0,1,4,1,1,8368.63671875,1,0,0,1,1,
0,30,12,0,0,1,0,-8,190.997436523438,184.252487182617,,,12042.560546875,190.997436523438,1,1,0,0,11851.5634765625,1,0,0,1,,
0,34,11,1,0,1,0,-9,0,0,0,0,,0,1,3,1,1,,0,0,0,1,1,
0,44,10,1,0,1,0,-17,0,0,0,,0,0,1,4,1,1,0,1,0,0,1,1,1
1,29,9,1,0,1,0,-13,0,631.389221191406,10423.994140625,,19678.46875,0,1,5,1,1,19678.46875,1,0,0,1,1,1
1,33,0,1,0,0,1,-13,5318.25244140625,4324.15869140625,,,8940.556640625,5335.19970703125,1,1,0,0,3622.30419921875,1,0,0,1,1,1
1,27,12,0,0,1,0,-14,80.2637634277344,3206.26708984375,6482.63427734375,806.735778808594,2709.06494140625,0,1,1,1,0,2628.80126953125,1,0,0,1,1,1
0,36,8,1,0,1,0,-13,200.079162597656,4792.23291015625,683.201293945312,0,0,0,1,4,1,0,-200.079162597656,1,0,0,1,1,1
0,30,10,1,0,1,0,-9,0,0,,,,0,1,3,1,1,,0,0,0,1,1,
0,26,12,0,0,1,0,-5,0,221.127990722656,526.027770996094,0,0,0,1,1,1,1,0,1,0,0,1,1,
0,24,12,0,0,1,0,-11,0,0,,,8299.52734375,0,1,3,1,1,8299.52734375,1,0,0,1,1,
1,30,12,0,0,1,0,-7,0,0,3391.28637695312,0,,0,1,2,1,1,,0,0,0,1,1,
1,28,10,1,0,1,0,-5,0,0,1173.33239746094,,,0,1,2,1,1,,0,0,0,1,1,
1,28,11,1,0,1,0,-7,0,0,6232.01611328125,4336.90234375,12656.7783203125,0,1,4,1,1,12656.7783203125,1,0,0,1,1,
0,22,12,0,0,1,0,-5,0,0,2919.62231445312,1119.72985839844,0,0,1,1,1,1,0,1,0,0,1,1,
0,29,10,1,0,1,0,-11,0,0,7103.90673828125,8554.6572265625,8092.03857421875,0,1,4,1,1,8092.03857421875,1,0,0,1,1,
0,42,14,0,0,1,0,-8,0,0,2448.66088867188,0,0,0,1,0,1,1,0,1,0,0,1,1,
1,48,9,1,0,1,0,-13,232.451995849609,0,258.406829833984,516.813659667969,0,253.583999633789,1,2,0,0,-232.451995849609,1,0,0,1,1,1
0,27,12,0,0,1,0,-7,0,0,0,,,0,1,2,1,1,,0,0,0,1,1,
1,32,9,1,0,0,1,-11,0,0,8622.35546875,6463.6826171875,8645.39453125,0,1,2,1,1,8645.39453125,1,0,0,1,1,
1,39,11,1,0,1,0,-18,0,5212.7236328125,2544.8486328125,,,0,1,5,1,1,,0,0,0,1,1,1
0,23,12,0,0,1,0,-5,0,575.030700683594,1282.23461914062,6841.869140625,,0,1,1,1,1,,0,0,0,1,1,
1,29,-5,1,0,1,0,-5,0,0,3774.732421875,6080.453125,,0,1,4,1,1,,0,0,0,1,1,
1,26,10,1,0,0,1,-13,0,567.601257324219,7849.21875,,8285.9765625,0,1,1,1,1,8285.9765625,1,0,0,1,1,1
0,36,10,1,0,0,1,-12,0,0,0,0,0,0,1,3,1,1,0,1,0,0,1,1,
1,33,8,1,0,1,0,-13,0,752.808776855469,8231.1416015625,,9971.271484375,0,1,3,1,1,9971.271484375,1,0,0,1,1,1
1,25,9,1,0,1,0,-21,0,4245.37841796875,0,,0,0,1,3,1,1,0,1,0,0,1,1,1
0,26,11,1,0,1,0,-10,0,0,0,1629.91015625,0,0,1,1,1,1,0,1,0,0,1,1,
1,28,10,1,0,1,0,-20,859.165283203125,5842.10302734375,,,,2577.49584960938,1,1,0,0,,0,0,0,1,1,1
0,33,11,1,0,1,0,-20,736.427429199219,0,,,,2209.2822265625,1,2,0,0,,0,0,0,1,1,1
0,32,11,1,0,1,0,-11,0,0,0,0,0,0,1,1,1,1,0,1,0,0,1,1,
1,32,7,1,0,1,0,-11,0,0,9127.6025390625,806.2080078125,0,0,1,5,1,1,0,1,0,0,1,1,
0,47,3,1,0,1,0,-8,0,0,0,0,0,0,1,1,1,1,0,1,0,0,1,1,
1,42,9,1,0,1,0,-22,0,9451.337890625,12038.8955078125,,,0,1,4,1,1,,0,0,0,1,1,1
1,41,8,1,0,0,1,-9,0,0,5376.884765625,2706.51708984375,0,0,1,1,1,1,0,1,0,0,1,1,
1,39,11,1,0,1,0,-13,440.153411865234,2156.19555664062,5640.05810546875,5043.630859375,1672.39147949219,0,1,3,1,0,1232.23803710938,1,0,0,1,1,1
1,39,5,1,0,1,0,-12,0,0,9003.5703125,,0,0,1,4,1,1,0,1,0,0,1,1,
0,40,12,0,0,1,0,-10,0,0,,623.71728515625,1865.77905273438,0,1,2,1,1,1865.77905273438,1,0,0,1,1,
1,29,10,1,0,1,0,-7,911.929870605469,379.970764160156,4392.9326171875,10618.6669921875,,911.929870605469,1,4,0,0,,0,0,0,1,,
0,28,12,0,0,0,1,-6,0,0,1518.93078613281,,,0,1,3,1,1,,0,0,0,1,1,
0,36,12,0,0,1,0,-10,0,0,,9918.951171875,9730.3564453125,0,1,1,1,1,9730.3564453125,1,0,0,1,1,
0,26,10,1,0,1,0,-11,2545.69897460938,245.713729858398,976.1669921875,0,0,2545.69897460938,1,2,0,0,-2545.69897460938,1,0,0,1,,
0,41,12,0,0,0,1,-10,0,0,,,,0,1,3,1,1,,0,0,0,1,1,
1,30,10,1,0,1,0,-13,1726.22033691406,687.091064453125,8322.6005859375,,8591.2646484375,1883.1494140625,1,2,0,0,6865.04443359375,1,0,0,1,1,1
0,32,8,1,0,1,0,-11,856.185424804688,1806.15673828125,0,0,0,856.185424804688,1,3,0,0,-856.185424804688,1,0,0,1,,
0,31,6,1,0,0,1,-11,0,0,0,5512.56787109375,0,0,1,5,1,1,0,1,0,0,1,1,
1,38,12,0,0,1,0,-11,1388.52416992188,517.648620605469,10442.134765625,19285.12890625,25214.95703125,1388.52416992188,1,4,0,0,23826.43359375,1,0,0,1,,
1,32,6,1,0,1,0,-10,0,0,7733.9990234375,1871.1826171875,,0,1,2,1,1,,0,0,0,1,1,
0,27,10,1,1,1,0,-5,0,0,0,0,2076.1318359375,0,1,1,1,1,2076.1318359375,1,0,0,1,1,
0,46,6,1,1,1,0,-19,0,438.936767578125,0,,798.38134765625,0,1,2,1,1,798.38134765625,1,0,0,1,1,1
1,33,9,1,0,0,1,-5,0,0,3015.88037109375,5194.18798828125,7913.6640625,0,1,3,1,1,7913.6640625,1,0,0,1,1,
0,31,12,0,0,1,0,-5,0,0,0,0,0,0,1,1,1,1,0,1,0,0,1,1,
1,51,12,0,0,1,0,-16,7507.8173828125,8309.7529296875,10338.05078125,,10789.3857421875,7626.1943359375,1,1,0,0,3281.568359375,1,0,0,1,1,1
0,33,12,0,0,1,0,-5,564.396545410156,951.849060058594,1438.95678710938,405.048217773438,0,564.396545410156,1,2,0,0,-564.396545410156,1,0,0,1,,
1,25,11,1,0,1,0,-9,3666.177734375,3520.525390625,1028.39721679688,0,3218.4423828125,3666.177734375,1,2,0,0,-447.7353515625,1,0,0,1,,
0,26,9,1,0,1,0,-16,0,0,1370.734375,,,0,1,1,1,1,,0,0,0,1,1,1
0,25,12,0,0,0,1,-12,0,0,0,0,7554.91845703125,0,1,1,1,1,7554.91845703125,1,0,0,1,1,
0,43,10,1,0,1,0,-21,0,0,0,,0,0,1,2,1,1,0,1,0,0,1,1,1
0,34,10,1,0,1,0,-12,0,0,0,,0,0,1,4,1,1,0,1,0,0,1,1,
0,23,5,1,0,0,1,-9,0,0,0,0,,0,1,2,1,1,,0,0,0,1,1,
1,33,12,0,0,1,0,-18,306.260406494141,3121.642578125,9359.7958984375,,12223.2900390625,612.520812988281,1,2,0,0,11917.029296875,1,0,0,1,1,1
1,29,10,1,0,1,0,-13,0,687.091064453125,11428.439453125,,,0,1,1,1,1,,0,0,0,1,1,1
1,35,11,1,0,1,0,-5,0,0,3317.51708984375,,1593.1416015625,0,1,1,1,1,1593.1416015625,1,0,0,1,1,
1,35,11,1,0,1,0,-13,0,0,4184.6640625,,,0,1,3,1,1,,0,0,0,1,1,1
1,32,12,0,0,1,0,-13,0,687.091064453125,3857.4423828125,,0,0,1,1,1,1,0,1,0,0,1,1,1
1,46,5,1,0,0,0,-11,0,0,6005.13232421875,0,2879.47680664062,0,1,1,1,1,2879.47680664062,1,0,0,1,1,
1,47,10,1,0,0,0,-17,0,3752.677734375,1475.08154296875,,0,0,1,1,1,1,0,1,0,0,1,1,1
0,38,11,1,0,1,0,-13,0,1739.53344726562,6080.5126953125,,12780.203125,0,1,1,1,1,12780.203125,1,0,0,1,1,1
1,43,9,1,0,1,0,-12,0,0,8120.26171875,768.512084960938,0,0,1,3,1,1,0,1,0,0,1,1,
0,29,11,1,0,1,0,-9,0,0,3713.31958007812,,,0,1,3,1,1,,0,0,0,1,1,
1,23,10,1,0,1,0,-9,0,0,6279.0615234375,982.350036621094,0,0,1,2,1,1,0,1,0,0,1,1,
0,50,9,1,0,1,0,-8,0,0,0,0,12866.4892578125,0,1,2,1,1,12866.4892578125,1,0,0,1,1,
0,40,12,0,0,0,1,-11,2950.5068359375,245.875564575195,0,0,0,2950.5068359375,1,6,0,0,-2950.5068359375,1,0,0,1,,
1,52,5,1,0,1,0,-20,0,6753.96435546875,3827.29516601562,,0,0,1,2,1,1,0,1,0,0,1,1,1
1,24,13,0,0,1,0,-11,2082.78637695312,173.565536499023,,,,2082.78637695312,1,1,0,0,,0,0,0,1,,
0,29,9,1,0,0,0,-8,0,0,1372.8974609375,0,0,0,1,2,1,1,0,1,0,0,1,1,
1,25,8,1,0,1,0,-14,0,1720.70568847656,9422.0146484375,1789.57592773438,0,0,1,1,1,1,0,1,0,0,1,1,1
0,28,9,1,0,1,0,-9,0,0,151.893081665039,5640.22119140625,0,0,1,4,1,1,0,1,0,0,1,1,
1,37,10,1,0,1,0,-19,0,4707.8173828125,10760.07421875,,11745.8125,0,1,2,1,1,11745.8125,1,0,0,1,1,1
0,39,11,1,0,1,0,-11,10704.275390625,1144.22546386719,,,4309.18798828125,10704.275390625,1,2,0,0,-6395.08740234375,1,0,0,1,,
0,45,6,1,0,0,1,-11,0,538.118774414062,4786.04150390625,4233.88720703125,4011.384765625,0,1,1,1,1,4011.384765625,1,0,0,1,1,
1,26,11,1,0,1,0,-12,0,0,4667.39404296875,,,0,1,2,1,1,,0,0,0,1,1,
1,25,11,1,0,1,0,-19,390.133575439453,2488.4560546875,1910.87939453125,,0,0,1,1,1,0,-390.133575439453,1,0,0,1,1,1
1,42,12,0,0,1,0,-14,0,1433.91052246094,8438.8271484375,134.373184204102,0,0,1,4,1,1,0,1,0,0,1,1,1
0,26,12,0,0,1,0,-20,0,,,,,0,1,3,1,1,,0,0,0,1,1,1
0,32,9,1,0,1,0,-17,1371.93420410156,220.596008300781,0,,,2351.88720703125,1,2,0,0,,0,0,0,1,1,1
1,37,11,1,0,1,0,-9,6523.865234375,3485.10375976562,6191.1123046875,10437.763671875,10374.408203125,6523.865234375,1,3,0,0,3850.54296875,1,0,0,1,,
0,23,12,0,0,1,0,-6,0,163.65576171875,318.539428710938,0,6591.15380859375,0,1,1,1,1,6591.15380859375,1,0,0,1,1,
1,35,12,0,0,1,0,-12,0,0,,,8676.79296875,0,1,1,1,1,8676.79296875,1,0,0,1,1,
1,33,11,1,0,1,0,-7,0,0,4754.123046875,8839.71875,17461.865234375,0,1,1,1,1,17461.865234375,1,0,0,1,1,
1,31,11,1,0,1,0,-13,0,699.036682128906,9634.98828125,,9830.9375,0,1,3,1,1,9830.9375,1,0,0,1,1,1
0,50,11,1,0,1,0,-13,0,0,0,,0,0,1,3,1,1,0,1,0,0,1,1,1
0,29,12,0,0,1,0,-19,0,,,,0,0,1,1,1,1,0,1,0,0,1,1,1
0,46,12,0,0,1,0,-13,0,0,0,,0,0,1,2,1,1,0,1,0,0,1,1,1
0,29,9,1,0,1,0,-16,0,2329.24389648438,,,,0,1,1,1,1,,0,0,0,1,1,1
0,30,13,0,0,1,0,-11,0,0,0,0,0,0,1,3,1,1,0,1,0,0,1,1,
1,33,10,1,0,0,1,-12,0,0,9169.990234375,10899.31640625,11189.90234375,0,1,2,1,1,11189.90234375,1,0,0,1,1,
0,33,11,1,0,1,0,-11,0,0,0,0,5399.03125,0,1,4,1,1,5399.03125,1,0,0,1,1,
0,26,12,0,0,1,0,-16,0,0,0,,0,0,1,1,1,1,0,1,0,0,1,1,1
0,26,12,0,0,1,0,-13,0,0,0,,4130.2841796875,0,1,1,1,1,4130.2841796875,1,0,0,1,1,1
1,45,12,0,0,0,0,-12,0,0,9149.341796875,,8257.7919921875,0,1,2,1,1,8257.7919921875,1,0,0,1,1,
1,34,11,1,0,1,0,-12,8524.669921875,0,8880.1806640625,,2524.83227539062,8524.669921875,1,1,0,0,-5999.837890625,1,0,0,1,,
0,35,12,0,0,1,0,-16,0,0,6850.42041015625,,,0,1,3,1,1,,0,0,0,1,1,1
1,42,12,0,0,1,0,-15,0,2245.88159179688,1470.33520507812,3619.67041015625,0,0,1,2,1,1,0,1,0,0,1,1,1
1,27,13,0,0,1,0,-19,1476.85400390625,,,,,0,1,3,1,0,,0,0,0,1,1,1
0,24,11,1,0,1,0,-15,0,0,0,0,0,0,1,2,1,1,0,1,0,0,1,1,1
0,32,7,1,0,1,0,-16,0,0,,,0,0,1,2,1,1,0,1,0,0,1,1,1
1,30,10,1,0,1,0,-16,0,,,,,0,1,2,1,1,,0,0,0,1,1,1
1,35,12,0,0,1,0,-13,0,597.465393066406,7840.67919921875,,0,0,1,3,1,1,0,1,0,0,1,1,1
0,30,8,1,0,1,0,-11,0,0,0,0,0,0,1,2,1,1,0,1,0,0,1,1,
1,34,8,1,0,1,0,-19,1218.08215332031,6018.89013671875,0,,,2923.39721679688,1,2,0,0,,0,0,0,1,1,1
1,46,11,1,0,1,0,-19,0,5837.71728515625,7328.95556640625,,,0,1,3,1,1,,0,0,0,1,1,1
0,28,12,0,0,1,0,-7,650.455993652344,846.990783691406,,,,650.455993652344,1,4,0,0,,0,0,0,1,,
1,26,12,0,0,1,0,-13,0,752.808776855469,8830.13671875,,9360.2666015625,0,1,1,1,1,9360.2666015625,1,0,0,1,1,1
1,25,12,0,0,1,0,-19,0,,,,,0,1,3,1,1,,0,0,0,1,1,1
0,28,10,1,0,1,0,-16,0,0,1002.66107177734,,0,0,1,4,1,1,0,1,0,0,1,1,1
1,40,7,1,0,1,0,-15,0,2699.37377929688,11178.826171875,13037.9638671875,6916.21923828125,0,1,1,1,1,6916.21923828125,1,0,0,1,1,1
1,44,11,1,0,1,0,-9,0,0,85.3202896118164,0,2013.9970703125,0,1,1,1,1,2013.9970703125,1,0,0,1,1,
1,42,10,1,0,1,0,-11,0,0,7977.7919921875,1131.42333984375,0,0,1,1,1,1,0,1,0,0,1,1,
0,29,12,0,0,0,0,-13,0,,,,,0,1,2,1,1,,0,0,0,1,1,1
0,33,9,1,0,1,0,-7,0,0,0,0,677.285766601562,0,1,4,1,1,677.285766601562,1,0,0,1,1,
0,24,10,1,0,1,0,-13,2574,0,,,,2808,1,1,0,0,,0,0,0,1,1,1
1,42,3,1,0,0,0,-9,0,0,637.126770019531,0,0,0,1,1,1,1,0,1,0,0,1,1,
0,38,10,1,0,1,0,-5,0,0,1390.65515136719,8128.79296875,,0,1,4,1,1,,0,0,0,1,1,
0,32,8,1,0,1,0,-16,900.322204589844,0,0,,0,1350.48327636719,1,2,0,0,-900.322204589844,1,0,0,1,1,1
0,40,9,1,0,1,0,-20,1063.06640625,210.696716308594,,,,0,1,3,1,0,,0,0,0,1,1,1
1,35,12,0,0,1,0,-15,0,3931.1904296875,8295.9033203125,,6950.1630859375,0,1,2,1,1,6950.1630859375,1,0,0,1,1,1
0,33,11,1,0,1,0,-8,0,301.39990234375,0,2010.96691894531,,0,1,3,1,1,,0,0,0,1,1,
1,24,10,1,0,1,0,-14,0,0,9371.8125,1007.76000976562,0,0,1,1,1,1,0,1,0,0,1,1,1
1,25,9,1,0,1,0,-16,2001.85656738281,2417.162109375,5410.59716796875,,0,3002.78491210938,1,1,0,0,-2001.85656738281,1,0,0,1,1,1
0,30,11,1,0,1,0,-5,2709.43701171875,1580.50500488281,792.680786132812,2330.4755859375,,2709.43701171875,1,1,0,0,,0,0,0,1,,
0,33,10,1,0,1,0,-6,1016.03887939453,1735.48681640625,3726.48657226562,2454.41015625,0,1016.03887939453,1,5,0,0,-1016.03887939453,1,0,0,1,,
0,30,5,1,0,0,1,-10,0,0,0,0,1190.90661621094,0,1,3,1,1,1190.90661621094,1,0,0,1,1,
0,36,9,1,0,1,0,-14,0,0,0,480.786712646484,,0,1,2,1,1,,0,0,0,1,1,1
0,37,10,1,0,1,0,-7,0,0,1744.37316894531,,,0,1,4,1,1,,0,0,0,1,1,
1,40,9,1,0,1,0,-13,3253.337890625,890.126953125,3958.7666015625,0,0,3549.09594726562,1,3,0,0,-3253.337890625,1,0,0,1,1,1
1,28,10,1,1,1,0,-20,409.151489257812,253.701843261719,0,,1543.51892089844,1227.45446777344,1,3,0,0,1134.36743164062,1,0,0,1,1,1
0,26,11,1,0,0,1,-5,0,0,1623.68786621094,8377.8505859375,8464.236328125,0,1,1,1,1,8464.236328125,1,0,0,1,1,
0,38,9,1,0,1,0,-8,0,0,0,0,2339.65478515625,0,1,4,1,1,2339.65478515625,1,0,0,1,1,
0,40,8,1,0,1,0,-13,0,0,0,0,0,0,1,3,1,1,0,1,0,0,1,1,1
0,24,9,1,0,1,0,-11,775.223754882812,64.6019821166992,895.36865234375,0,0,775.223754882812,1,1,0,0,-775.223754882812,1,0,0,1,,
0,36,12,0,0,1,0,-19,1373.71569824219,0,0,,4477.11279296875,3296.91748046875,1,1,0,0,3103.39697265625,1,0,0,1,1,1
0,50,8,1,0,1,0,-15,0,0,0,,,0,1,1,1,1,,0,0,0,1,1,1
1,27,11,1,0,1,0,-15,0,2591.3828125,10618.7919921875,,15637.986328125,0,1,1,1,1,15637.986328125,1,0,0,1,1,1
0,25,11,1,0,1,0,-17,0,,,,8185.5439453125,0,1,1,1,1,8185.5439453125,1,0,0,1,1,1
1,43,10,1,0,0,0,-21,6512.02783203125,8171.81005859375,10534.0634765625,,11175.5751953125,1732.03735351562,1,1,0,0,4663.54736328125,1,0,0,1,1,1
1,40,10,1,0,1,0,-7,4537.4853515625,1890.61889648438,5032.607421875,8152.32958984375,10166.9208984375,4537.4853515625,1,4,0,0,5629.435546875,1,0,0,1,,
1,22,10,1,0,1,0,-17,3767.53002929688,2881.15112304688,4259.18701171875,,2295.28881835938,3039.70947265625,1,1,0,0,-1472.2412109375,1,0,0,1,1,1
0,31,12,0,0,1,0,-7,2117.4375,1717.03125,1191.18237304688,7897.3779296875,8532.9990234375,2117.4375,1,2,0,0,6415.5615234375,1,0,0,1,,
1,41,10,1,0,0,0,-14,2431.37670898438,2191.58422851562,,,7506.23388671875,2448.07250976562,1,3,0,0,5074.857421875,1,0,0,1,1,1
1,29,12,0,0,1,0,-5,0,0,3402.05883789062,9913.86328125,8656.169921875,0,1,1,1,1,8656.169921875,1,0,0,1,1,
1,40,11,1,0,1,0,-5,0,0,2970.85791015625,,11010.3359375,0,1,5,1,1,11010.3359375,1,0,0,1,1,
0,28,7,1,0,1,0,-19,403.959594726562,200.079162597656,0,,0,0,1,2,1,0,-403.959594726562,1,0,0,1,1,1
0,46,11,1,0,1,0,-17,5004.44140625,4957.11767578125,4670.9677734375,,6496.90771484375,5199.5380859375,1,3,0,0,1492.46630859375,1,0,0,1,1,1
1,41,10,1,0,1,0,-8,0,0,5512.50341796875,3382.88549804688,0,0,1,4,1,1,0,1,0,0,1,1,
1,21,10,1,0,1,0,-13,0,651.957641601562,8506.85546875,10464.7880859375,10028.5419921875,0,1,1,1,1,10028.5419921875,1,0,0,1,1,1
0,45,7,1,0,1,0,-17,0,1804.1865234375,3867.1064453125,,5560.2265625,0,1,1,1,1,5560.2265625,1,0,0,1,1,1
1,33,14,0,0,1,0,-15,0,3023.29663085938,11281.0986328125,0,0,0,1,5,1,1,0,1,0,0,1,1,1
1,33,11,1,0,1,0,-17,0,2883.51342773438,8163.046875,,8620.365234375,0,1,3,1,1,8620.365234375,1,0,0,1,1,1
0,30,9,1,0,1,0,-14,523.097045898438,0,0,0,0,627.716430664062,1,2,0,0,-523.097045898438,1,0,0,1,1,1
1,39,12,0,0,1,0,-14,0,1720.70568847656,8850.939453125,11396.8232421875,11411.849609375,0,1,3,1,1,11411.849609375,1,0,0,1,1,1
0,26,12,0,0,1,0,-5,0,619.207336425781,,,2293.59057617188,0,1,1,1,1,2293.59057617188,1,0,0,1,1,
1,25,7,1,0,1,0,-9,0,0,3101.16137695312,,,0,1,2,1,1,,0,0,0,1,1,
1,29,12,0,0,1,0,-7,0,0,0,0,,0,1,1,1,1,,0,0,0,1,1,
0,30,8,1,0,1,0,-6,0,0,1552.44189453125,0,0,0,1,5,1,1,0,1,0,0,1,1,
0,33,12,0,0,1,0,-5,3928.68359375,2291.73193359375,0,0,0,3928.68359375,1,2,0,0,-3928.68359375,1,0,0,1,,
1,26,11,1,0,1,0,-20,1029.60986328125,6165.5693359375,3621.59033203125,,0,981.827758789062,1,2,0,0,-1029.60986328125,1,0,0,1,1,1
1,33,11,1,0,1,0,-11,0,0,8500.580078125,1181.47094726562,0,0,1,5,1,1,0,1,0,0,1,1,
1,51,0,1,0,0,1,-17,1605.17724609375,,,,,2751.732421875,1,1,0,0,,0,0,0,1,1,1
0,40,12,0,0,1,0,-18,0,0,709.947265625,,1180.78515625,0,1,1,1,1,1180.78515625,1,0,0,1,1,1
1,35,10,1,1,0,1,-5,0,0,648.26416015625,0,0,0,1,4,1,1,0,1,0,0,1,1,
1,34,8,1,0,0,1,-5,0,0,,,,0,1,2,1,1,,0,0,0,1,1,
1,43,5,1,0,1,0,-13,0,723.972717285156,9605.8740234375,1113.78967285156,0,0,1,3,1,1,0,1,0,0,1,1,1
1,30,11,1,0,1,0,-12,9149.1025390625,8028.39990234375,10174.6123046875,,,9149.1025390625,1,5,0,0,,0,0,0,1,,
0,34,11,1,0,1,0,-6,5028.9921875,2514.49609375,3563.30834960938,501.191436767578,0,5028.9921875,1,2,0,0,-5028.9921875,1,0,0,1,,
1,38,10,1,0,1,0,-7,0,0,5474.03662109375,7841.98583984375,,0,1,6,1,1,,0,0,0,1,1,
1,34,8,1,0,1,0,-14,0,0,0,0,8110.81640625,0,1,2,1,1,8110.81640625,1,0,0,1,1,1
0,31,10,1,0,1,0,-11,0,0,,,,0,1,3,1,1,,0,0,0,1,1,
1,20,11,1,0,1,0,-16,954.92041015625,3325.0380859375,,,,0,1,1,1,0,,0,0,0,1,1,1
0,34,7,1,0,1,0,-10,0,0,0,0,1809.36389160156,0,1,4,1,1,1809.36389160156,1,0,0,1,1,
1,24,11,1,0,1,0,-19,0,,,,763.223876953125,0,1,1,1,1,763.223876953125,1,0,0,1,1,1
0,47,8,1,0,1,0,-17,0,2254.5048828125,7345.68359375,,11524.5322265625,0,1,2,1,1,11524.5322265625,1,0,0,1,1,1
0,29,11,1,0,1,0,-5,0,0,0,1348.97973632812,11423.2255859375,0,1,1,1,1,11423.2255859375,1,0,0,1,1,
0,28,12,0,0,1,0,-13,572.02197265625,0,0,,13066.4609375,624.023986816406,1,1,0,0,12494.439453125,1,0,0,1,1,1
0,34,8,1,0,0,1,-6,0,800.543701171875,7453.31298828125,11932.044921875,12587.6689453125,0,1,4,1,1,12587.6689453125,1,0,0,1,1,
1,37,12,0,0,0,1,-15,0,2145.24609375,6549.8740234375,6949.54638671875,10374.408203125,0,1,2,1,1,10374.408203125,1,0,0,1,1,1
0,42,11,1,1,1,0,-14,0,1415.65905761719,3618.82568359375,0,,0,1,1,1,1,,0,0,0,1,1,1
0,28,10,1,0,1,0,-12,0,0,0,4548.87890625,7469.57421875,0,1,4,1,1,7469.57421875,1,0,0,1,1,
0,32,10,1,0,1,0,-7,0,0,0,403.873291015625,0,0,1,4,1,1,0,1,0,0,1,1,
0,33,11,1,0,1,0,-12,0,0,0,,8523.9228515625,0,1,1,1,1,8523.9228515625,1,0,0,1,1,
1,37,10,1,0,1,0,-7,0,0,6179.3369140625,11626.90625,10425.3251953125,0,1,1,1,1,10425.3251953125,1,0,0,1,1,
1,36,7,1,0,0,1,-13,0,545.937561035156,5861.4228515625,0,0,0,1,2,1,1,0,1,0,0,1,1,1
1,38,10,1,0,1,0,-9,0,0,6514.490234375,9889.8671875,10236.029296875,0,1,3,1,1,10236.029296875,1,0,0,1,1,
1,28,10,1,0,1,0,-11,0,0,8932.83203125,2078.28198242188,,0,1,3,1,1,,0,0,0,1,1,
1,32,12,0,0,1,0,-9,0,0,7196.60791015625,10817.037109375,,0,1,2,1,1,,0,0,0,1,1,
1,38,9,1,0,0,1,-11,4562.904296875,4472.7041015625,9530.3955078125,15475.984375,9035.2275390625,4562.904296875,1,3,0,0,4472.3232421875,1,0,0,1,,
1,49,11,1,0,1,0,-10,7828.6806640625,3213.41650390625,6177.2470703125,1113.78967285156,,7828.6806640625,1,5,0,0,,0,0,0,1,,
0,28,11,1,0,1,0,-5,4945.80810546875,3858.16479492188,3529.7548828125,5149.77001953125,12449.2900390625,4945.80810546875,1,5,0,0,7503.48193359375,1,0,0,1,,
1,44,8,1,0,1,0,-10,0,0,7107.57470703125,2779.32080078125,4621.89501953125,0,1,2,1,1,4621.89501953125,1,0,0,1,1,
1,32,10,1,0,1,0,-10,0,0,2091.35083007812,0,,0,1,5,1,1,,0,0,0,1,1,
1,26,12,0,0,1,0,-7,0,0,5898.9365234375,4481.05126953125,1678.06896972656,0,1,1,1,1,1678.06896972656,1,0,0,1,1,
0,53,13,0,1,1,0,-7,0,0,124.746543884277,3580.09716796875,4309.18798828125,0,1,1,1,1,4309.18798828125,1,0,0,1,1,
1,26,13,0,0,1,0,-5,3934.1513671875,4322.1455078125,2311.24780273438,0,0,3934.1513671875,1,2,0,0,-3934.1513671875,1,0,0,1,,
0,39,10,1,0,1,0,-13,0,0,359.023345947266,,,0,1,3,1,1,,0,0,0,1,1,1
0,27,11,1,0,1,0,-7,0,0,0,0,0,0,1,2,1,1,0,1,0,0,1,1,
0,32,7,1,0,1,0,-11,0,857.562866210938,4431.39697265625,11368.7099609375,11120.29296875,0,1,1,1,1,11120.29296875,1,0,0,1,1,
1,36,12,0,0,0,1,-13,0,,,,,0,1,2,1,1,,0,0,0,1,1,1
1,31,10,1,0,1,0,-15,3552.39697265625,2159.46899414062,8503.2392578125,2031.98840332031,0,4736.529296875,1,3,0,0,-3552.39697265625,1,0,0,1,1,1
0,30,10,1,0,1,0,-14,0,0,0,0,0,0,1,0,1,1,0,1,0,0,1,1,1
0,39,11,1,0,1,0,-14,0,0,0,0,0,0,1,3,1,1,0,1,0,0,1,1,1
0,33,9,1,0,1,0,-16,0,0,0,,0,0,1,3,1,1,0,1,0,0,1,1,1
1,26,8,1,0,1,0,-16,0,2971.06372070312,6033.0771484375,,,0,1,2,1,1,,0,0,0,1,1,1
0,28,12,0,0,1,0,-19,1933.02954101562,3224.4716796875,9890.2392578125,,8381.7216796875,3897.7880859375,1,1,0,0,6448.6923828125,1,0,0,1,1,1
0,45,11,1,0,1,0,-15,0,0,0,0,,0,1,2,1,1,,0,0,0,1,1,1
0,43,11,1,0,1,0,-11,0,0,,,0,0,1,3,1,1,0,1,0,0,1,1,
0,46,10,1,0,1,0,-11,0,0,806.2080078125,4666.14404296875,0,0,1,1,1,1,0,1,0,0,1,1,
1,30,10,1,0,1,0,-15,0,,,,,0,1,2,1,1,,0,0,0,1,1,1
1,44,3,1,0,0,1,-18,0,0,0,,,0,1,1,1,1,,0,0,0,1,1,1
0,24,9,1,0,1,0,-11,675.036376953125,56.2530326843262,,,,675.036376953125,1,2,0,0,,0,0,0,1,,
0,27,13,0,0,1,0,-15,0,546.095886230469,,,,0,1,1,1,1,,0,0,0,1,1,1
0,29,9,1,0,1,0,-5,0,0,0,,,0,1,2,1,1,,0,0,0,1,1,
1,50,12,0,1,0,0,-16,0,0,0,,0,0,1,3,1,1,0,1,0,0,1,1,1
1,31,12,0,0,0,1,-11,0,0,10576.5234375,19696.01171875,,0,1,2,1,1,,0,0,0,1,1,
0,41,11,1,0,1,0,-19,683.793701171875,0,,,,0,1,4,1,0,,0,0,0,1,1,1
1,48,9,1,0,1,0,-11,0,0,0,0,0,0,1,2,1,1,0,1,0,0,1,1,
1,30,11,1,0,0,1,-11,0,0,6280.86572265625,0,,0,1,2,1,1,,0,0,0,1,1,
0,28,7,1,1,1,0,-16,2864.14428710938,3910.119140625,7262.4677734375,,8687.82421875,3614.56103515625,1,3,0,0,5823.6796875,1,0,0,1,1,1
1,25,10,1,0,1,0,-16,0,3454.81494140625,7092.5751953125,,0,0,1,1,1,1,0,1,0,0,1,1,1
1,28,12,0,0,1,0,-11,0,2056.24731445312,,11432.052734375,6485.978515625,0,1,1,1,1,6485.978515625,1,0,0,1,1,
0,25,12,0,0,1,0,-11,4628.4853515625,2796.9658203125,5390.34619140625,14776.0625,,4628.4853515625,1,1,0,0,,0,0,0,1,,
0,37,7,1,0,1,0,-18,0,0,0,,0,0,1,3,1,1,0,1,0,0,1,1,1
1,32,8,1,0,1,0,-17,2504.70239257812,3826.08520507812,10739.830078125,,5203.34765625,1791.88232421875,1,3,0,0,2698.64526367188,1,0,0,1,1,1
0,37,11,1,0,1,0,-19,4621.32763671875,5841.44287109375,,,2389.13842773438,2988.38647460938,1,3,0,0,-2232.18920898438,1,0,0,1,1,1
1,38,10,1,0,1,0,-16,1062.2939453125,3703.15942382812,3879.46655273438,,0,548.200744628906,1,1,0,0,-1062.2939453125,1,0,0,1,1,1
0,28,9,1,0,1,0,-14,3530.76904296875,996.068664550781,7449.53076171875,6543.7626953125,0,4236.9228515625,1,3,0,0,-3530.76904296875,1,0,0,1,1,1
1,26,12,0,0,0,0,-15,532.851318359375,2591.3828125,,,,710.468444824219,1,1,0,0,,0,0,0,1,1,1
1,40,10,1,0,0,1,-8,0,0,,,,0,1,3,1,1,,0,0,0,1,1,
0,51,11,1,0,1,0,-8,5346.65869140625,1782.21960449219,,,,5346.65869140625,1,3,0,0,,0,0,0,1,,
0,28,9,1,0,1,0,-7,0,0,0,0,0,0,1,1,1,1,0,1,0,0,1,1,
0,28,10,1,0,1,0,-15,0,0,,,3793.58764648438,0,1,1,1,1,3793.58764648438,1,0,0,1,1,1
1,24,11,1,0,1,0,-7,0,0,4564.8623046875,8919.244140625,11204.361328125,0,1,1,1,1,11204.361328125,1,0,0,1,1,
0,30,11,1,0,1,0,-22,0,118.679222106934,237.358444213867,,1591.15185546875,0,1,3,1,1,1591.15185546875,1,0,0,1,1,1
0,27,10,1,0,1,0,-7,4628.1640625,4733.3388671875,478.022186279297,1676.52600097656,7680.07470703125,4628.1640625,1,2,0,0,3051.91064453125,1,0,0,1,,
1,26,7,1,0,1,0,-8,4377.60009765625,3111.42529296875,5132.7197265625,,0,4377.60009765625,1,3,0,0,-4377.60009765625,1,0,0,1,,
0,41,11,1,0,1,0,-20,0,0,0,,239.728866577148,0,1,3,1,1,239.728866577148,1,0,0,1,1,1
1,35,12,0,0,1,0,-20,2945.70971679688,,,,,8837.12890625,1,4,0,0,,0,0,0,1,1,1
1,38,10,1,0,1,0,-13,0,752.808776855469,7998.3466796875,,0,0,1,2,1,1,0,1,0,0,1,1,1
1,51,4,1,1,0,1,-14,0,,,0,0,0,1,2,1,1,0,1,0,0,1,1,1
0,31,14,0,0,0,1,-7,0,436.498291015625,0,0,0,0,1,2,1,1,0,1,0,0,1,1,
0,24,12,0,0,0,1,-12,0,0,8575.8232421875,11021.90625,10425.3251953125,0,1,1,1,1,10425.3251953125,1,0,0,1,1,
1,30,11,1,0,1,0,-5,0,0,3072.48559570312,,,0,1,1,1,1,,0,0,0,1,1,
1,26,11,1,0,1,0,-14,0,1720.37927246094,11729.9111328125,11707.544921875,9046.7333984375,0,1,3,1,1,9046.7333984375,1,0,0,1,1,1
1,33,9,1,0,0,1,-14,0,1199.71057128906,953.295593261719,0,0,0,1,3,1,1,0,1,0,0,1,1,1
1,32,14,0,0,1,0,-20,0,7209.86962890625,7993.6484375,,10842.337890625,0,1,2,1,1,10842.337890625,1,0,0,1,1,1
1,43,12,0,0,1,0,-8,0,0,5472.7001953125,10730.583984375,,0,1,1,1,1,,0,0,0,1,1,
0,26,9,1,1,0,1,-9,0,0,0,0,0,0,1,1,1,1,0,1,0,0,1,1,
1,33,11,1,0,1,0,-7,6840,5682.70654296875,5726.6181640625,4074.86547851562,0,6840,1,3,0,0,-6840,1,0,0,1,,
0,43,8,1,0,0,1,-5,0,0,0,0,0,0,1,2,1,1,0,1,0,0,1,1,
0,35,10,1,0,0,1,-11,0,0,0,0,0,0,1,3,1,1,0,1,0,0,1,1,
0,37,9,1,0,1,0,-15,0,0,0,0,0,0,1,1,1,1,0,1,0,0,1,1,1
0,28,12,0,0,1,0,-7,0,0,6736.45947265625,,2659.90356445312,0,1,1,1,1,2659.90356445312,1,0,0,1,1,
0,35,12,0,0,1,0,-16,0,1030.30310058594,4745.67333984375,,0,0,1,4,1,1,0,1,0,0,1,1,1
0,30,12,0,0,1,0,-21,0,0,0,,0,0,1,1,1,1,0,1,0,0,1,1,1
0,27,12,0,0,1,0,-11,5291.7724609375,440.981048583984,,2471.27514648438,6941.478515625,5291.7724609375,1,3,0,0,1649.7060546875,1,0,0,1,,
0,32,12,0,0,1,0,-13,0,35.8535537719727,280.258544921875,,,0,1,2,1,1,,0,0,0,1,1,1
1,43,11,1,0,0,0,-16,2422.9091796875,73.1308059692383,0,,383.771820068359,2979.02661132812,1,1,0,0,-2039.13732910156,1,0,0,1,1,1
1,45,10,1,0,1,0,-21,0,8792.7529296875,14181.7705078125,,13760.046875,0,1,1,1,1,13760.046875,1,0,0,1,1,1
0,30,10,1,0,1,0,-13,0,0,0,0,,0,1,2,1,1,,0,0,0,1,1,1
1,31,12,0,0,1,0,-21,0,8136.47998046875,9010.453125,,11815.421875,0,1,2,1,1,11815.421875,1,0,0,1,1,1
0,44,11,1,0,0,0,-11,7158.58984375,596.549133300781,,,,7158.58984375,1,2,0,0,,0,0,0,1,,
1,25,7,1,0,1,0,-12,0,0,7005.31396484375,,6212.48388671875,0,1,1,1,1,6212.48388671875,1,0,0,1,1,
1,25,13,0,0,1,0,-10,0,0,,,,0,1,1,1,1,,0,0,0,1,1,
0,32,11,1,0,0,1,-9,0,0,,,,0,1,4,1,1,,0,0,0,1,1,
1,36,8,1,0,1,0,-11,0,0,7982.91064453125,2913.21313476562,,0,1,3,1,1,,0,0,0,1,1,
0,32,12,0,0,1,0,-9,0,0,4132.23388671875,10401.79296875,10872.8125,0,1,2,1,1,10872.8125,1,0,0,1,1,
1,39,10,1,0,1,0,-9,0,0,0,,0,0,1,1,1,1,0,1,0,0,1,1,
0,34,10,1,0,0,0,-9,0,0,0,,0,0,1,2,1,1,0,1,0,0,1,1,
0,38,8,1,0,0,1,-11,0,0,703.989990234375,0,,0,1,6,1,1,,0,0,0,1,1,
0,42,15,0,0,1,0,-12,0,0,2012.53833007812,15333.7734375,8339.568359375,0,1,1,1,1,8339.568359375,1,0,0,1,1,
1,44,10,1,0,1,0,-8,0,0,5438.5439453125,2999.78637695312,2460.88305664062,0,1,4,1,1,2460.88305664062,1,0,0,1,1,
1,46,10,1,0,1,0,-16,1901.55541992188,3992.77563476562,11483.8818359375,,13681.595703125,1525.15075683594,1,1,0,0,11780.0400390625,1,0,0,1,1,1
0,40,12,0,0,1,0,-10,2417.70288085938,402.950469970703,3241.37133789062,9298.9609375,3353.8056640625,2417.70288085938,1,3,0,0,936.102783203125,1,0,0,1,,
1,32,11,1,0,0,1,-11,0,0,7486.384765625,1057.44458007812,0,0,1,2,1,1,0,1,0,0,1,1,
0,31,11,1,0,1,0,-10,4720.2060546875,786.700988769531,0,0,0,4720.2060546875,1,3,0,0,-4720.2060546875,1,0,0,1,,
1,37,10,1,0,1,0,-6,0,0,1825.41027832031,0,0,0,1,6,1,1,0,1,0,0,1,1,
0,30,14,0,0,1,0,-8,0,0,6190.21142578125,,11757.7158203125,0,1,2,1,1,11757.7158203125,1,0,0,1,1,
1,27,10,1,0,1,0,-7,0,0,4810.9267578125,4282.203125,,0,1,2,1,1,,0,0,0,1,1,
0,31,12,0,0,1,0,-7,0,0,753.906188964844,0,,0,1,3,1,1,,0,0,0,1,1,
1,44,9,1,0,1,0,-15,1874.41040039062,2381.18212890625,8956.322265625,8822.4619140625,8616.9775390625,1894.65551757812,1,3,0,0,6742.5673828125,1,0,0,1,1,1
0,23,10,1,0,1,0,-11,0,0,0,0,,0,1,2,1,1,,0,0,0,1,1,
0,27,11,1,0,0,0,-13,0,0,0,4294.431640625,236.099746704102,0,1,4,1,1,236.099746704102,1,0,0,1,1,1
1,28,10,1,0,1,0,-12,0,0,5744.072265625,,,0,1,3,1,1,,0,0,0,1,1,
0,40,11,1,0,1,0,-8,0,0,,,,0,1,4,1,1,,0,0,0,1,1,
1,20,12,0,0,1,0,-5,0,331.691955566406,782.205932617188,0,0,0,1,1,1,1,0,1,0,0,1,1,
0,28,11,1,0,1,0,-7,0,5234.1025390625,4640.541015625,0,0,0,1,2,1,1,0,1,0,0,1,1,
0,34,11,1,1,1,0,-15,0,0,84.4058151245117,,,0,1,1,1,1,,0,0,0,1,1,1
0,45,10,1,0,0,1,-10,0,242.291946411133,,,,0,1,2,1,1,,0,0,0,1,1,
0,32,11,1,0,1,0,-5,12139.880859375,8474.833984375,161.316177368164,492.78271484375,4633.84912109375,12139.880859375,1,5,0,0,-7506.03173828125,1,0,0,1,,
0,34,0,1,0,0,1,-21,0,0,0,,0,0,1,2,1,1,0,1,0,0,1,1,1
0,31,11,1,0,1,0,-17,0,0,0,,7195.8583984375,0,1,2,1,1,7195.8583984375,1,0,0,1,1,1
1,39,11,1,0,1,0,-16,0,3454.81494140625,7092.5751953125,,0,0,1,5,1,1,0,1,0,0,1,1,1
0,25,11,1,0,1,0,-8,0,127.104461669922,5238.2666015625,7976.3896484375,2703.5625,0,1,1,1,1,2703.5625,1,0,0,1,1,
0,22,9,1,0,0,0,-10,0,0,,,,0,1,1,1,1,,0,0,0,1,1,
1,35,11,1,0,1,0,-11,0,0,9226.783203125,1321.64733886719,8732.1494140625,0,1,3,1,1,8732.1494140625,1,0,0,1,1,
1,55,9,1,0,1,0,-17,0,0,0,,0,0,1,4,1,1,0,1,0,0,1,1,1
0,39,11,1,0,1,0,-10,0,0,0,0,0,0,1,4,1,1,0,1,0,0,1,1,
1,21,10,1,0,1,0,-7,2268.63793945312,1671.49572753906,6425.830078125,,10651.005859375,2268.63793945312,1,1,0,0,8382.3681640625,1,0,0,1,,
0,28,12,0,0,1,0,-8,0,0,1377.16394042969,8492.072265625,8739.443359375,0,1,1,1,1,8739.443359375,1,0,0,1,1,
1,25,8,1,0,1,0,-13,0,541.188415527344,6903.5947265625,15726.97265625,28620.4921875,0,1,1,1,1,28620.4921875,1,0,0,1,1,1
0,27,9,1,0,1,0,-14,0,0,0,0,0,0,1,1,1,1,0,1,0,0,1,1,1
1,30,9,1,0,1,0,-11,2036.1171875,169.67643737793,9236.7294921875,11202.134765625,11411.849609375,2036.1171875,1,1,0,0,9375.732421875,1,0,0,1,,
1,26,10,1,0,1,0,-9,0,0,4835.001953125,2681.05004882812,0,0,1,3,1,1,0,1,0,0,1,1,
0,50,10,1,0,1,0,-13,4465.95849609375,663.4033203125,708.368041992188,,0,4707.7646484375,1,1,0,0,-4465.95849609375,1,0,0,1,1,1
1,35,12,0,0,1,0,-16,5435.4716796875,2058.58618164062,,,3647.982421875,5076.13623046875,1,1,0,0,-1787.4892578125,1,0,0,1,1,1
0,32,12,0,1,1,0,-13,0,,,,12572.58203125,0,1,2,1,1,12572.58203125,1,0,0,1,1,1
1,36,11,1,0,1,0,-12,0,0,4016.30810546875,,0,0,1,3,1,1,0,1,0,0,1,1,
0,34,12,0,0,0,1,-13,0,,,,,0,1,1,1,1,,0,0,0,1,1,1
0,41,5,1,0,0,1,-13,1985.14331054688,0,0,,0,2165.61083984375,1,3,0,0,-1985.14331054688,1,0,0,1,1,1
0,32,13,0,0,1,0,-21,804.72119140625,613.734558105469,0,,,1979.63427734375,1,1,0,0,,0,0,0,1,1,1
1,33,10,1,0,1,0,-9,1151.35791015625,287.839477539062,6016.10986328125,11547.6845703125,12518.400390625,1151.35791015625,1,3,0,0,11367.04296875,1,0,0,1,,
1,27,12,0,0,1,0,-11,7405.53369140625,617.127807617188,7182.1279296875,15981.9765625,9697.2197265625,7405.53369140625,1,1,0,0,2291.68603515625,1,0,0,1,,
1,42,12,0,0,1,0,-6,0,0,2725.16284179688,10405.68359375,10374.408203125,0,1,3,1,1,10374.408203125,1,0,0,1,1,
0,34,12,0,0,0,1,-11,0,0,0,0,0,0,1,2,1,1,0,1,0,0,1,1,
0,36,10,1,0,1,0,-17,58.2784576416016,0,0,,0,99.9059295654297,1,2,0,0,-58.2784576416016,1,0,0,1,1,1
1,44,12,0,0,1,0,-13,8271.197265625,824.499328613281,8791.529296875,,4877.65673828125,9023.125,1,1,0,0,-3393.54052734375,1,0,0,1,1,1
0,30,10,1,0,0,0,-15,0,0,0,0,,0,1,4,1,1,,0,0,0,1,1,1
1,38,11,1,0,1,0,-13,0,752.808776855469,9104.126953125,,10673.5849609375,0,1,1,1,1,10673.5849609375,1,0,0,1,1,1
0,38,9,1,0,0,1,-9,0,0,0,0,,0,1,4,1,1,,0,0,0,1,1,
1,31,10,1,0,1,0,-6,0,0,4764.736328125,6974.55078125,10342.5625,0,1,3,1,1,10342.5625,1,0,0,1,1,
1,35,12,0,0,1,0,-7,3244.32202148438,1765.0224609375,896.443786621094,706.131103515625,394.045471191406,3244.32202148438,1,2,0,0,-2850.27661132812,1,0,0,1,,
0,32,12,0,0,1,0,-13,0,0,559.864929199219,,4563.22216796875,0,1,3,1,1,4563.22216796875,1,0,0,1,1,1
1,36,12,0,0,1,0,-13,0,687.091064453125,8628.490234375,,10058.0654296875,0,1,1,1,1,10058.0654296875,1,0,0,1,1,1
1,48,9,1,0,0,1,-11,0,0,8328.4638671875,1158.185546875,,0,1,2,1,1,,0,0,0,1,1,
0,38,3,1,0,0,1,-16,0,0,0,,0,0,1,1,1,1,0,1,0,0,1,1,1
0,31,9,1,0,1,0,-13,0,659.609436035156,3255.07690429688,,,0,1,4,1,1,,0,0,0,1,1,1
0,27,11,1,0,0,0,-11,617.145568847656,51.4287986755371,6880.2578125,6776.4404296875,,617.145568847656,1,1,0,0,,0,0,0,1,,
1,32,9,1,0,1,0,-11,651.497314453125,54.2914428710938,8110.40771484375,776.337219238281,0,651.497314453125,1,2,0,0,-651.497314453125,1,0,0,1,,
1,38,11,1,0,1,0,-6,9520.5439453125,5363.36474609375,2032.13159179688,7714.48193359375,0,9520.5439453125,1,2,0,0,-9520.5439453125,1,0,0,1,,
0,36,11,1,0,1,0,-11,1917.01782226562,735.856811523438,0,0,5009.259765625,1917.01782226562,1,3,0,0,3092.24194335938,1,0,0,1,,
0,33,10,1,0,1,0,-12,0,476.704650878906,0,5670.6064453125,0,0,1,2,1,1,0,1,0,0,1,1,
0,44,0,1,0,0,1,-12,0,0,0,0,0,0,1,1,1,1,0,1,0,0,1,1,
1,40,11,1,0,1,0,-20,3848.54272460938,7558.736328125,9588.4833984375,,8110.75927734375,9328.15625,1,2,0,0,4262.216796875,1,0,0,1,1,1
0,44,4,1,0,1,0,-15,0,0,0,0,0,0,1,1,1,1,0,1,0,0,1,1,1
0,21,12,0,0,1,0,-6,0,306.029388427734,1147.83374023438,1634.79541015625,1554.86401367188,0,1,1,1,1,1554.86401367188,1,0,0,1,1,
0,26,10,1,0,1,0,-14,1046.19409179688,0,0,0,0,1255.43286132812,1,1,0,0,-1046.19409179688,1,0,0,1,1,1
0,31,11,1,0,1,0,-10,0,0,0,0,0,0,1,2,1,1,0,1,0,0,1,1,
1,25,10,1,0,1,0,-11,0,0,2473.02490234375,0,0,0,1,1,1,1,0,1,0,0,1,1,
0,27,12,0,0,1,0,-13,8472.81640625,,,,,9243.072265625,1,2,0,0,,0,0,0,1,1,1
0,38,8,1,0,1,0,-12,5259.0205078125,0,2025.22534179688,,,5259.0205078125,1,6,0,0,,0,0,0,1,,
0,31,12,0,0,1,0,-15,0,0,0,0,0,0,1,1,1,1,0,1,0,0,1,1,1
0,34,9,1,0,1,0,-17,0,1034.36584472656,205.52507019043,,0,0,1,6,1,1,0,1,0,0,1,1,1
0,31,11,1,0,1,0,-13,0,570.612731933594,0,0,0,0,1,2,1,1,0,1,0,0,1,1,1
1,28,12,0,0,0,1,-8,0,0,5540.9189453125,4276.9560546875,5887.46337890625,0,1,1,1,1,5887.46337890625,1,0,0,1,1,
1,25,11,1,0,1,0,-8,1482.07006835938,853.687805175781,5463.5302734375,850.288208007812,2533.12890625,1482.07006835938,1,1,0,0,1051.05883789062,1,0,0,1,,
1,29,12,0,0,1,0,-11,3702.65991210938,3523.50463867188,3749.55200195312,0,5671.6123046875,3702.65991210938,1,2,0,0,1968.95239257812,1,0,0,1,,
1,33,10,1,0,1,0,-7,9119.9296875,4429.49951171875,5017.5322265625,3683.84326171875,0,9119.9296875,1,5,0,0,-9119.9296875,1,0,0,1,,
0,30,12,0,0,1,0,-10,0,787.616577148438,94.9499435424805,0,,0,1,2,1,1,,0,0,0,1,1,
1,28,10,1,0,1,0,-15,0,2461.81372070312,4698.36962890625,895.791015625,4461.14501953125,0,1,3,1,1,4461.14501953125,1,0,0,1,1,1
0,22,11,1,0,1,0,-15,251.669799804688,0,0,0,0,335.559722900391,1,1,0,0,-251.669799804688,1,0,0,1,1,1
0,40,2,1,0,0,1,-17,1249.17639160156,1863.40405273438,4737.94921875,,,0,1,2,1,0,,0,0,0,1,1,1
0,37,9,1,1,0,1,-15,0,2159.46899414062,9492.365234375,8685.5234375,8532.9990234375,0,1,5,1,1,8532.9990234375,1,0,0,1,1,1
1,33,12,0,0,1,0,-15,503.175598144531,2699.37377929688,9727.576171875,9721.4091796875,10147.369140625,670.900817871094,1,2,0,0,9644.193359375,1,0,0,1,1,1
0,34,8,1,0,1,0,-18,0,0,0,,0,0,1,1,1,1,0,1,0,0,1,1,1
1,24,11,1,0,1,0,-13,638.347839355469,1044.58837890625,7056.87939453125,7947.1611328125,2162.93090820312,592.703979492188,1,2,0,0,1524.5830078125,1,0,0,1,1,1
0,43,11,1,0,1,0,-11,0,0,,,,0,1,2,1,1,,0,0,0,1,1,
0,29,8,1,0,1,0,-16,0,866.749389648438,287.994720458984,,,0,1,3,1,1,,0,0,0,1,1,1
0,31,8,1,0,1,0,-16,0,538.666442871094,5716.796875,,3096.25170898438,0,1,4,1,1,3096.25170898438,1,0,0,1,1,1
1,40,12,0,0,1,0,-15,0,3023.29663085938,13012.0576171875,3254.6240234375,8991.1015625,0,1,0,1,1,8991.1015625,1,0,0,1,1,1
0,26,10,1,0,1,0,-17,8777.3037109375,0,673.352478027344,,604.182922363281,15046.806640625,1,2,0,0,-8173.12060546875,1,0,0,1,1,1
1,54,10,1,1,0,1,-12,0,0,9091.2314453125,,13241.7236328125,0,1,1,1,1,13241.7236328125,1,0,0,1,1,
1,50,4,1,0,0,1,-5,0,0,391.126525878906,0,5983.8564453125,0,1,0,1,1,5983.8564453125,1,0,0,1,1,
1,25,10,1,0,1,0,-19,0,6494.26220703125,4541.74072265625,,1125.78234863281,0,1,2,1,1,1125.78234863281,1,0,0,1,1,1
0,34,9,1,0,1,0,-18,0,1867.85925292969,0,,0,0,1,4,1,1,0,1,0,0,1,1,1
1,28,10,1,0,1,0,-9,0,0,5675.7607421875,,,0,1,3,1,1,,0,0,0,1,1,
1,29,13,0,0,1,0,-19,1184.25695800781,5408.24462890625,0,,0,2842.216796875,1,4,0,0,-1184.25695800781,1,0,0,1,1,1
0,28,12,0,0,1,0,-20,2312.91088867188,0,,,,6938.732421875,1,2,0,0,,0,0,0,1,1,1
0,32,12,0,0,1,0,-14,0,198.551666259766,0,968.144775390625,1285.17980957031,0,1,1,1,1,1285.17980957031,1,0,0,1,1,1
0,29,10,1,0,1,0,-19,0,0,,,,0,1,2,1,1,,0,0,0,1,1,1
1,37,12,0,0,1,0,-11,0,0,8110.40771484375,776.337219238281,,0,1,1,1,1,,0,0,0,1,1,
1,23,9,1,0,1,0,-14,0,1872.63977050781,8761.1865234375,9504.091796875,8395.474609375,0,1,1,1,1,8395.474609375,1,0,0,1,1,1
0,26,11,1,0,1,0,-13,0,160.124908447266,5718.2724609375,,10533.08984375,0,1,1,1,1,10533.08984375,1,0,0,1,1,1
0,31,14,0,0,1,0,-10,2398.57373046875,2293.29736328125,4682.869140625,0,13900.486328125,2398.57373046875,1,0,0,0,11501.912109375,1,0,0,1,,
1,29,12,0,0,1,0,-13,0,681.118225097656,9350.7001953125,,13201.5263671875,0,1,1,1,1,13201.5263671875,1,0,0,1,1,1
0,35,10,1,0,1,0,-14,0,0,0,0,0,0,1,7,1,1,0,1,0,0,1,1,1
1,39,9,1,0,1,0,-19,3292.4873046875,5821.71044921875,7700.34912109375,,8032.42919921875,3410.705078125,1,3,0,0,4739.94189453125,1,0,0,1,1,1
0,43,10,1,1,0,0,-18,0,,,,,0,1,2,1,1,,0,0,0,1,1,1
1,27,9,1,0,1,0,-15,1598.55395507812,2159.46899414062,9708.1943359375,2231.1875,8433.904296875,2131.4052734375,1,3,0,0,6835.3505859375,1,0,0,1,1,1
0,30,12,0,0,1,0,-11,3661.1015625,1125.77429199219,3213.73168945312,4155.5419921875,3873.16577148438,3661.1015625,1,1,0,0,212.064208984375,1,0,0,1,,
0,41,12,0,0,1,0,-9,0,0,0,0,6188.86669921875,0,1,3,1,1,6188.86669921875,1,0,0,1,1,
1,43,10,1,0,1,0,-9,0,0,1882.23022460938,0,0,0,1,2,1,1,0,1,0,0,1,1,
1,37,11,1,0,1,0,-9,0,163.547058105469,662.255493164062,2685.93872070312,1361.69165039062,0,1,3,1,1,1361.69165039062,1,0,0,1,1,
1,31,12,0,0,1,0,-8,3207.22338867188,1069.07446289062,5871.96875,6166.544921875,4810.64111328125,3207.22338867188,1,2,0,0,1603.41772460938,1,0,0,1,,
1,41,12,0,0,1,0,-9,0,0,6442.8681640625,2272.13256835938,0,0,1,2,1,1,0,1,0,0,1,1,
1,31,10,1,0,1,0,-18,1382.41320800781,2057.046875,0,,1106.2255859375,2764.82641601562,1,1,0,0,-276.187622070312,1,0,0,1,1,1
1,31,9,1,0,1,0,-9,0,0,5803.69580078125,2454.41015625,0,0,1,1,1,1,0,1,0,0,1,1,
1,43,11,1,0,1,0,-16,0,3035.92456054688,6091.12939453125,,0,0,1,2,1,1,0,1,0,0,1,1,1
1,28,10,1,0,1,0,-9,0,0,5803.69580078125,7657.3251953125,6428.4697265625,0,1,3,1,1,6428.4697265625,1,0,0,1,1,
0,24,12,0,0,1,0,-5,0,0,0,0,0,0,1,2,1,1,0,1,0,0,1,1,
1,32,15,0,0,1,0,-14,392.368041992188,1147.14819335938,910.22607421875,0,0,470.841674804688,1,4,0,0,-392.368041992188,1,0,0,1,1,1
1,43,10,1,0,0,0,-17,50.1518249511719,3353.04833984375,4405.19921875,,7482.06787109375,0,1,1,1,0,7431.916015625,1,0,0,1,1,1
1,37,12,0,0,1,0,-5,10341.310546875,6032.43115234375,3045.80786132812,9589.451171875,10803.8916015625,10341.310546875,1,2,0,0,462.5810546875,1,0,0,1,,
1,35,11,1,0,0,1,-8,0,0,5675.92431640625,11383.3251953125,12386.6875,0,1,2,1,1,12386.6875,1,0,0,1,1,
1,31,12,0,0,1,0,-13,0,681.118225097656,1362.23645019531,,0,0,1,1,1,1,0,1,0,0,1,1,1
0,37,10,1,1,1,0,-17,7840.18408203125,772.162353515625,0,,6321.96533203125,10559.2353515625,1,3,0,0,-1518.21875,1,0,0,1,1,1
1,26,9,1,0,1,0,-19,1913.19567871094,2920.30102539062,4900.70166015625,,4788.8740234375,2923.39721679688,1,2,0,0,2875.67822265625,1,0,0,1,1,1
0,24,11,1,0,1,0,-14,1543.03662109375,453.753265380859,0,924.409301757812,,1851.64404296875,1,1,0,0,,0,0,0,1,1,1
0,43,8,1,0,1,0,-20,0,0,,,,0,1,2,1,1,,0,0,0,1,1,1
0,42,9,1,0,1,0,-13,0,0,5830.6689453125,,15799.634765625,0,1,1,1,1,15799.634765625,1,0,0,1,1,1
0,35,12,0,0,1,0,-7,1769.59204101562,2239.9541015625,2242.7763671875,4454.3486328125,8409.7080078125,1769.59204101562,1,2,0,0,6640.1162109375,1,0,0,1,,
0,25,11,1,0,1,0,-6,4989.94921875,3455.626953125,,,,4989.94921875,1,2,0,0,,0,0,0,1,,
0,29,12,0,0,1,0,-21,1405.5615234375,1811.37145996094,0,,531.692687988281,0,1,3,1,0,-873.868835449219,1,0,0,1,1,1
0,27,10,1,0,1,0,-20,0,0,0,,,0,1,1,1,1,,0,0,0,1,1,1
0,35,12,0,0,1,0,-5,0,0,0,1408.49304199219,10322.240234375,0,1,2,1,1,10322.240234375,1,0,0,1,1,
0,41,12,0,0,1,0,-16,0,0,5071.69287109375,,0,0,1,1,1,1,0,1,0,0,1,1,1
1,34,10,1,0,1,0,-20,0,6753.96435546875,,,,0,1,2,1,1,,0,0,0,1,1,1
0,42,12,0,0,1,0,-15,1184.07775878906,2252.93139648438,5660.63818359375,2769.06689453125,13460.21484375,1578.77026367188,1,2,0,0,12276.13671875,1,0,0,1,1,1
0,24,11,1,0,1,0,-13,0,0,6183.70654296875,,0,0,1,1,1,1,0,1,0,0,1,1,1
0,46,12,0,0,1,0,-11,0,0,504.066925048828,4264.7412109375,0,0,1,3,1,1,0,1,0,0,1,1,
0,27,11,1,0,1,0,-13,2876.83471679688,0,0,,0,3138.365234375,1,1,0,0,-2876.83471679688,1,0,0,1,1,1
0,25,9,1,0,1,0,-22,0,0,,,0,0,1,3,1,1,0,1,0,0,1,1,1
0,37,12,0,0,0,1,-15,0,0,0,,4368.888671875,0,1,2,1,1,4368.888671875,1,0,0,1,1,1
0,46,12,0,0,0,0,-11,5584.876953125,465.406402587891,,,,5584.876953125,1,2,0,0,,0,0,0,1,,
1,44,11,1,0,1,0,-9,0,0,6517.751953125,2214.787109375,4748.22998046875,0,1,1,1,1,4748.22998046875,1,0,0,1,1,
1,45,12,0,0,1,0,-11,0,0,8712.41015625,765.08935546875,7714.74072265625,0,1,0,1,1,7714.74072265625,1,0,0,1,1,
0,44,11,1,0,1,0,-13,0,11.94566822052,23.89133644104,,0,0,1,3,1,1,0,1,0,0,1,1,1
0,41,10,1,0,1,0,-21,0,0,0,,1457.58801269531,0,1,3,1,1,1457.58801269531,1,0,0,1,1,1
1,37,8,1,0,0,1,-11,0,0,8734.9052734375,1158.185546875,0,0,1,3,1,1,0,1,0,0,1,1,
0,25,10,1,0,1,0,-12,0,0,0,0,0,0,1,2,1,1,0,1,0,0,1,1,
0,31,10,1,0,1,0,-20,0,0,0,,0,0,1,3,1,1,0,1,0,0,1,1,1
1,38,12,0,0,1,0,-22,0,9280.435546875,10539.62890625,,10772.8896484375,0,1,1,1,1,10772.8896484375,1,0,0,1,1,1
0,44,10,1,0,1,0,-22,0,0,0,,9821.0537109375,0,1,1,1,1,9821.0537109375,1,0,0,1,1,1
0,30,10,1,0,1,0,-11,4396.921875,366.41015625,1033.12145996094,15903.7265625,,4396.921875,1,6,0,0,,0,0,0,1,,
0,29,10,1,1,1,0,-5,0,148.28532409668,3576.73803710938,6163.328125,5935.658203125,0,1,2,1,1,5935.658203125,1,0,0,1,1,
1,35,11,1,0,1,0,-21,366.522644042969,3839.6083984375,0,,7683.29833984375,0,1,2,1,0,7316.77587890625,1,0,0,1,1,1
1,34,11,1,0,1,0,-12,0,0,,,,0,1,1,1,1,,0,0,0,1,1,
1,27,10,1,0,1,0,-18,818.219787597656,2772.14721679688,3524.82543945312,,0,1636.43957519531,1,1,0,0,-818.219787597656,1,0,0,1,1,1
1,29,8,1,0,1,0,-20,376.242889404297,6193.88427734375,3371.01928710938,,0,0,1,2,1,0,-376.242889404297,1,0,0,1,1,1
1,30,12,0,0,1,0,-11,0,0,8328.4638671875,1158.185546875,0,0,1,2,1,1,0,1,0,0,1,1,
1,28,10,1,0,1,0,-8,0,0,5748.65966796875,5827.17431640625,6331.02685546875,0,1,2,1,1,6331.02685546875,1,0,0,1,1,
0,52,12,0,0,1,0,-14,0,0,0,12363.3447265625,9392.0810546875,0,1,2,1,1,9392.0810546875,1,0,0,1,1,1
1,31,12,0,0,1,0,-9,0,0,6229.13037109375,2305.5361328125,0,0,1,1,1,1,0,1,0,0,1,1,
0,27,9,1,0,1,0,-9,0,0,0,0,,0,1,2,1,1,,0,0,0,1,1,
0,24,11,1,1,1,0,-11,3394.19384765625,282.849487304688,0,0,,3394.19384765625,1,1,0,0,,0,0,0,1,,
1,35,12,0,1,1,0,-8,0,0,4181.552734375,236.283325195312,0,0,1,3,1,1,0,1,0,0,1,1,
1,30,9,1,0,0,0,-8,0,0,5172.1982421875,472.551055908203,0,0,1,2,1,1,0,1,0,0,1,1,
0,33,12,0,0,1,0,-11,0,0,0,0,,0,1,2,1,1,,0,0,0,1,1,
0,23,12,0,0,1,0,-15,0,0,706.880615234375,,,0,1,1,1,1,,0,0,0,1,1,1
0,24,8,1,0,1,0,-7,0,1982.65490722656,2677.5068359375,0,0,0,1,2,1,1,0,1,0,0,1,1,
0,32,8,1,0,0,1,-8,0,0,6649.5810546875,8915.08203125,9959.4326171875,0,1,4,1,1,9959.4326171875,1,0,0,1,1,
0,36,11,1,0,1,0,-5,0,0,0,0,0,0,1,3,1,1,0,1,0,0,1,1,
0,38,6,1,0,0,1,-10,0,0,0,0,0,0,1,5,1,1,0,1,0,0,1,1,
1,38,12,0,0,1,0,-9,0,0,,,,0,1,3,1,1,,0,0,0,1,1,
0,24,11,1,0,0,0,-11,1639.31298828125,565.257019042969,3201.8515625,11726.3642578125,3195.357421875,1639.31298828125,1,1,0,0,1556.04443359375,1,0,0,1,,
0,28,12,0,0,1,0,-9,0,0,0,0,6462.92138671875,0,1,2,1,1,6462.92138671875,1,0,0,1,1,
1,21,12,0,0,1,0,-5,0,958.330139160156,2505.6533203125,0,652.5751953125,0,1,1,1,1,652.5751953125,1,0,0,1,1,
0,34,9,1,0,1,0,-11,0,0,0,0,0,0,1,6,1,1,0,1,0,0,1,1,
1,43,12,0,0,1,0,-5,824.266723632812,480.822265625,4399.47412109375,15813.5419921875,24206.84765625,824.266723632812,1,1,0,0,23382.580078125,1,0,0,1,,
0,26,9,1,0,1,0,-9,0,206.119079589844,1245.47570800781,7726.3525390625,7677.0625,0,1,2,1,1,7677.0625,1,0,0,1,1,
0,55,13,0,0,0,0,-17,150.490219116211,616.49267578125,1240.73681640625,,,0,1,4,1,0,,0,0,0,1,1,1
1,32,10,1,0,1,0,-9,0,0,3856.97509765625,6224.9140625,,0,1,1,1,1,,0,0,0,1,1,
1,29,12,0,0,1,0,-18,1599.20104980469,3797.81420898438,,,15637.986328125,1370.35913085938,1,3,0,0,14038.78515625,1,0,0,1,1,1
1,29,12,0,0,1,0,-15,0,2591.3828125,6539.2109375,0,,0,1,1,1,1,,0,0,0,1,1,1
0,33,10,1,0,1,0,-13,0,35.8535537719727,597.73486328125,,1783.03430175781,0,1,3,1,1,1783.03430175781,1,0,0,1,1,1
0,32,9,1,0,0,1,-12,0,0,0,1805.99743652344,1192.06274414062,0,1,2,1,1,1192.06274414062,1,0,0,1,1,
0,31,6,1,0,0,1,-8,2016.36596679688,672.122009277344,0,0,,2016.36596679688,1,1,0,0,,0,0,0,1,,
1,29,10,1,0,1,0,-12,0,0,9564.0478515625,384.279174804688,,0,1,2,1,1,,0,0,0,1,1,
1,28,10,1,0,1,0,-13,609.084106445312,1207.89111328125,7986.267578125,,0,604.250427246094,1,1,0,0,-609.084106445312,1,0,0,1,1,1
0,38,12,0,0,0,1,-12,947.591918945312,4629.9130859375,5546.73779296875,5857.03369140625,6224.64501953125,947.591918945312,1,3,0,0,5277.05322265625,1,0,0,1,,
0,29,11,1,0,1,0,-8,0,0,0,0,0,0,1,1,1,1,0,1,0,0,1,1,
1,32,11,1,0,1,0,-13,0,752.808776855469,8359.91796875,,1809.69946289062,0,1,1,1,1,1809.69946289062,1,0,0,1,1,1
0,38,12,0,0,1,0,-11,0,0,0,0,0,0,1,1,1,1,0,1,0,0,1,1,
1,27,12,0,0,1,0,-13,0,824.499328613281,9058.591796875,,17133.76953125,0,1,1,1,1,17133.76953125,1,0,0,1,1,1
0,35,6,1,0,0,1,-14,0,0,0,1256.48962402344,0,0,1,6,1,1,0,1,0,0,1,1,1
1,28,12,0,0,1,0,-13,0,693.063903808594,10326.587890625,,13131.197265625,0,1,2,1,1,13131.197265625,1,0,0,1,1,1
1,52,11,1,1,1,0,-12,0,0,,,,0,1,0,1,1,,0,0,0,1,1,
0,53,8,1,0,1,0,-15,0,0,0,0,0,0,1,4,1,1,0,1,0,0,1,1,1
0,31,12,0,0,1,0,-9,0,0,,,,0,1,3,1,1,,0,0,0,1,1,
0,25,11,1,0,1,0,-9,0,151.885116577148,1642.57763671875,8189.93701171875,7953.447265625,0,1,1,1,1,7953.447265625,1,0,0,1,1,
1,37,12,0,0,1,0,-12,10642.9677734375,0,1780.23742675781,,4923.23388671875,10642.9677734375,1,1,0,0,-5719.73388671875,1,0,0,1,,
1,28,8,1,0,1,0,-13,0,119.489784240723,3376.26049804688,,0,0,1,1,1,1,0,1,0,0,1,1,1
0,33,9,1,0,0,1,-15,0,0,0,1610.86926269531,6255.19482421875,0,1,3,1,1,6255.19482421875,1,0,0,1,1,1
0,41,11,1,0,1,0,-5,0,0,0,0,,0,1,3,1,1,,0,0,0,1,1,
1,30,12,0,0,0,0,-7,0,0,0,0,0,0,1,1,1,1,0,1,0,0,1,1,
1,36,12,0,0,0,1,-11,0,0,7930.28955078125,1174.78161621094,0,0,1,4,1,1,0,1,0,0,1,1,
1,27,11,1,0,0,1,-6,0,0,2384.69702148438,0,0,0,1,3,1,1,0,1,0,0,1,1,
0,35,9,1,0,1,0,-8,0,414.775390625,0,0,0,0,1,5,1,1,0,1,0,0,1,1,
1,35,10,1,0,1,0,-7,9642.078125,6271.46875,4946.2998046875,1051.42419433594,0,9642.078125,1,1,0,0,-9642.078125,1,0,0,1,,
0,46,10,1,0,0,1,-15,0,0,0,0,0,0,1,1,1,1,0,1,0,0,1,1,1
1,29,11,1,0,0,1,-16,0,3325.0380859375,7959.39501953125,,0,0,1,3,1,1,0,1,0,0,1,1,1
1,24,12,0,0,1,0,-13,0,681.118225097656,8234.8427734375,,,0,1,1,1,1,,0,0,0,1,1,1
1,26,12,0,0,1,0,-11,0,0,7739.30029296875,4089.94970703125,3090.75439453125,0,1,1,1,1,3090.75439453125,1,0,0,1,1,
0,42,9,1,0,0,0,-17,757.084106445312,907.378784179688,592.438720703125,,5398.79638671875,0,1,1,1,0,4641.71240234375,1,0,0,1,1,1
0,27,10,1,0,1,0,-15,2131.4052734375,0,6515.84765625,3187.41748046875,12510.3896484375,2841.87377929688,1,2,0,0,10378.984375,1,0,0,1,1,1
0,23,12,0,0,1,0,-9,0,3458.50390625,675.059631347656,0,10077.7607421875,0,1,2,1,1,10077.7607421875,1,0,0,1,1,
0,36,12,0,0,1,0,-5,0,294.864532470703,331.480651855469,0,0,0,1,5,1,1,0,1,0,0,1,1,
1,42,10,1,0,1,0,-13,0,752.808776855469,8359.91796875,,0,0,1,2,1,1,0,1,0,0,1,1,1
1,38,12,0,0,1,0,-12,0,0,8546.1142578125,13454.9453125,10425.3251953125,0,1,3,1,1,10425.3251953125,1,0,0,1,1,
1,28,9,1,0,1,0,-11,0,0,7673.27392578125,776.337219238281,0,0,1,5,1,1,0,1,0,0,1,1,
0,27,9,1,0,1,0,-13,2144.93408203125,0,0,,10374.408203125,2339.92797851562,1,1,0,0,8229.474609375,1,0,0,1,1,1
0,46,8,1,0,1,0,-18,0,0,0,,,0,1,2,1,1,,0,0,0,1,1,1
0,54,9,1,0,1,0,-7,0,0,0,,,0,1,1,1,1,,0,0,0,1,1,
0,31,10,1,0,0,0,-14,2451.9833984375,,,,,2942.38012695312,1,2,0,0,,0,0,0,1,1,1
1,39,12,0,0,1,0,-11,0,0,9443.330078125,839.80517578125,0,0,1,5,1,1,0,1,0,0,1,1,
1,45,11,1,0,0,0,-16,0,2500.46508789062,493.713409423828,,0,0,1,5,1,1,0,1,0,0,1,1,1
1,29,9,1,0,1,0,-22,0,0,3338.82470703125,,0,0,1,3,1,1,0,1,0,0,1,1,1
1,30,10,1,0,1,0,-13,0,776.180480957031,6073.06103515625,0,3754.18408203125,0,1,2,1,1,3754.18408203125,1,0,0,1,1,1
0,35,10,1,0,1,0,-18,0,0,0,,,0,1,4,1,1,,0,0,0,1,1,1
0,34,12,0,0,1,0,-20,2183.05981445312,317.697387695312,0,,,0,1,3,1,0,,0,0,0,1,1,1
0,43,11,1,1,1,0,-7,0,419.647308349609,,,,0,1,1,1,1,,0,0,0,1,1,
0,44,9,1,0,0,1,-19,0,0,,,0,0,1,3,1,1,0,1,0,0,1,1,1
1,25,10,1,0,1,0,-8,0,0,6127.27197265625,9030.779296875,7992.6953125,0,1,1,1,1,7992.6953125,1,0,0,1,1,
1,48,11,1,0,1,0,-20,0,7209.86962890625,2800.3134765625,,0,0,1,0,1,1,0,1,0,0,1,1,1
1,31,4,1,0,1,0,-20,0,404.434478759766,0,,0,0,1,1,1,1,0,1,0,0,1,1,1
0,38,10,1,0,1,0,-8,0,0,0,0,0,0,1,1,1,1,0,1,0,0,1,1,
1,37,8,1,0,1,0,-19,0,6088.33447265625,6120.68798828125,,0,0,1,0,1,1,0,1,0,0,1,1,1
1,24,7,1,0,0,1,-13,0,783.312438964844,8202.3876953125,1444.44702148438,,0,1,2,1,1,,0,0,0,1,1,1
1,38,12,0,0,1,0,-7,0,0,4165.4921875,1549.41845703125,,0,1,6,1,1,,0,0,0,1,1,
0,29,11,1,0,1,0,-9,0,0,0,0,17290.626953125,0,1,1,1,1,17290.626953125,1,0,0,1,1,
0,38,7,1,0,0,1,-13,0,0,0,,0,0,1,4,1,1,0,1,0,0,1,1,1
1,25,11,1,0,1,0,-20,581.798461914062,246.533721923828,,,,0,1,1,1,0,,0,0,0,1,1,1
1,31,10,1,0,1,0,-13,0,681.118225097656,,,,0,1,2,1,1,,0,0,0,1,1,1
1,47,11,1,0,1,0,-11,0,0,3323.6787109375,0,0,0,1,2,1,1,0,1,0,0,1,1,
0,36,11,1,0,1,0,-14,0,0,4819.59814453125,10497.6015625,10058.0654296875,0,1,4,1,1,10058.0654296875,1,0,0,1,1,1
1,34,11,1,0,1,0,-13,0,824.499328613281,8920.3056640625,,0,0,1,1,1,1,0,1,0,0,1,1,1
0,39,12,0,0,1,0,-13,0,0,,,739.161376953125,0,1,2,1,1,739.161376953125,1,0,0,1,1,1
1,22,12,0,0,1,0,-10,0,0,7663.55859375,8656.986328125,,0,1,1,1,1,,0,0,0,1,1,
1,32,11,1,0,0,1,-11,0,0,8689.9140625,1135.68981933594,,0,1,3,1,1,,0,0,0,1,1,
0,37,12,0,0,1,0,-21,2053.810546875,3227.43237304688,3622.10009765625,,,8215.2421875,1,3,0,0,,0,0,0,1,1,1
1,34,12,0,0,1,0,-12,779.976013183594,0,8155.3447265625,317.425903320312,0,779.976013183594,1,2,0,0,-779.976013183594,1,0,0,1,,
0,30,10,1,0,1,0,-8,0,0,,,,0,1,1,1,1,,0,0,0,1,1,
0,49,10,1,0,1,0,-16,0,0,0,,14044.173828125,0,1,0,1,1,14044.173828125,1,0,0,1,1,1
0,44,12,0,0,1,0,-12,8131.5361328125,0,0,0,0,8131.5361328125,1,0,0,0,-8131.5361328125,1,0,0,1,,
1,40,10,1,0,1,0,-17,0,3969.17700195312,6908.728515625,,0,0,1,1,1,1,0,1,0,0,1,1,1
1,46,3,1,0,0,1,-11,0,0,6446.287109375,13551.3232421875,11144.984375,0,1,2,1,1,11144.984375,1,0,0,1,1,
1,24,10,1,0,1,0,-14,0,1634.67053222656,8094.03662109375,223.939804077148,0,0,1,2,1,1,0,1,0,0,1,1,1
1,26,12,0,0,1,0,-14,0,1605.98095703125,2766.86669921875,0,452.932800292969,0,1,3,1,1,452.932800292969,1,0,0,1,1,1
0,46,12,0,0,0,0,-17,4607.05322265625,972.332214355469,738.463500976562,,1946.00708007812,3599.7138671875,1,2,0,0,-2661.04614257812,1,0,0,1,1,1
1,35,10,1,0,1,0,-19,0,3610.50073242188,8884.2021484375,,0,0,1,2,1,1,0,1,0,0,1,1,1
0,37,12,0,0,1,0,-9,0,0,3206.99169921875,,,0,1,3,1,1,,0,0,0,1,1,
1,38,12,0,0,1,0,-9,0,0,8343.4423828125,2673.11376953125,9290.015625,0,1,1,1,1,9290.015625,1,0,0,1,1,
1,27,12,0,0,1,0,-11,0,0,3976.75439453125,0,,0,1,1,1,1,,0,0,0,1,1,
1,41,11,1,0,1,0,-11,0,0,8869.9423828125,10517.21484375,10443.5185546875,0,1,1,1,1,10443.5185546875,1,0,0,1,1,
1,47,12,0,0,1,0,-12,0,0,8766.96875,,0,0,1,3,1,1,0,1,0,0,1,1,
1,38,11,1,1,1,0,-13,0,925.720886230469,10349.40234375,8555.52734375,7992.6953125,0,1,1,1,1,7992.6953125,1,0,0,1,1,1
1,32,12,0,0,1,0,-9,0,0,8610.0390625,3404.04833984375,0,0,1,1,1,1,0,1,0,0,1,1,
0,32,8,1,0,0,1,-11,0,0,,,,0,1,1,1,1,,0,0,0,1,1,
1,31,11,1,0,0,1,-6,0,0,,,13024.37109375,0,1,3,1,1,13024.37109375,1,0,0,1,1,
0,25,11,1,0,1,0,-10,0,0,,3345.98681640625,6402.8720703125,0,1,1,1,1,6402.8720703125,1,0,0,1,1,
1,31,8,1,0,1,0,-16,0,,,,,0,1,5,1,1,,0,0,0,1,1,1
1,37,9,1,0,1,0,-9,7699.12109375,2575.73803710938,3659.37036132812,0,0,7699.12109375,1,1,0,0,-7699.12109375,1,0,0,1,,
1,38,11,1,0,1,0,-11,0,0,,,,0,1,5,1,1,,0,0,0,1,1,
1,30,7,1,0,0,1,-10,0,0,8965.0302734375,5735.6376953125,9544.4560546875,0,1,5,1,1,9544.4560546875,1,0,0,1,1,
1,21,11,1,0,1,0,-16,1165.03649902344,3021.4150390625,8943.8623046875,,,1747.5546875,1,1,0,0,,0,0,0,1,1,1
1,45,9,1,1,0,0,-12,3583.5576171875,5639.1513671875,8596.125,,,3583.5576171875,1,3,0,0,,0,0,0,1,,
0,37,4,1,0,0,1,-18,0,0,0,,0,0,1,4,1,1,0,1,0,0,1,1,1
0,28,8,1,0,1,0,-5,526.881286621094,307.347412109375,0,0,0,526.881286621094,1,2,0,0,-526.881286621094,1,0,0,1,,
1,28,12,0,0,1,0,-9,0,0,5562.294921875,9170.3740234375,,0,1,2,1,1,,0,0,0,1,1,
0,27,9,1,0,0,1,-11,0,0,0,1538.56494140625,7992.6953125,0,1,2,1,1,7992.6953125,1,0,0,1,1,
0,39,12,0,0,0,1,-8,0,0,799.848449707031,0,0,0,1,1,1,1,0,1,0,0,1,1,
1,53,8,1,0,0,1,-11,0,0,6965.85693359375,8501.716796875,,0,1,2,1,1,,0,0,0,1,1,
0,26,9,1,0,1,0,-7,0,0,562.462097167969,9072.7265625,9776.0322265625,0,1,1,1,1,9776.0322265625,1,0,0,1,1,
0,37,8,1,0,1,0,-12,0,0,3202.7822265625,163.732727050781,0,0,1,2,1,1,0,1,0,0,1,1,
0,30,12,0,0,1,0,-15,8395.76953125,0,6669.56689453125,16381.90625,19749.939453125,6962.5908203125,1,3,0,0,11354.169921875,1,0,0,1,1,1
0,43,8,1,0,1,0,-21,0,0,1255.6650390625,,7782.47802734375,0,1,4,1,1,7782.47802734375,1,0,0,1,1,1
1,47,8,1,0,1,0,-7,0,0,5120.9091796875,11589.947265625,8385.125,0,1,3,1,1,8385.125,1,0,0,1,1,
0,32,12,0,0,1,0,-18,2305.435546875,916.677429199219,0,,8991.1015625,4610.87109375,1,2,0,0,6685.666015625,1,0,0,1,1,1
1,25,12,0,0,1,0,-16,476.632537841797,3454.81494140625,6733.30810546875,,0,714.948791503906,1,1,0,0,-476.632537841797,1,0,0,1,1,1
0,26,12,0,0,1,0,-11,0,0,0,0,0,0,1,2,1,1,0,1,0,0,1,1,
1,39,8,1,0,1,0,-16,0,2908.30639648438,6836.0380859375,,0,0,1,4,1,1,0,1,0,0,1,1,1
0,35,11,1,0,1,0,-16,0,0,0,,8672.5498046875,0,1,1,1,1,8672.5498046875,1,0,0,1,1,1
0,33,10,1,0,0,0,-12,662.903991699219,0,0,150.362060546875,0,662.903991699219,1,1,0,0,-662.903991699219,1,0,0,1,,
0,32,8,1,0,0,1,-6,0,0,0,4477.37255859375,9730.3564453125,0,1,3,1,1,9730.3564453125,1,0,0,1,1,
0,25,10,1,0,1,0,-13,0,0,0,0,5370.15673828125,0,1,1,1,1,5370.15673828125,1,0,0,1,1,1
1,45,14,0,0,1,0,-14,7894.033203125,1511.64001464844,10307.58984375,,,9472.83984375,1,1,0,0,,0,0,0,1,1,1
0,38,12,0,0,1,0,-14,0,0,0,576.961853027344,0,0,1,4,1,1,0,1,0,0,1,1,1
0,30,9,1,0,1,0,-13,0,0,0,,,0,1,2,1,1,,0,0,0,1,1,1
0,32,10,1,0,0,1,-12,0,0,0,0,0,0,1,3,1,1,0,1,0,0,1,1,
1,29,12,0,0,1,0,-7,0,0,4415.3359375,,2198.87768554688,0,1,2,1,1,2198.87768554688,1,0,0,1,1,
1,21,9,1,1,1,0,-7,3932.89501953125,1638.70617675781,3901.45532226562,0,4949.7431640625,3932.89501953125,1,1,0,0,1016.84814453125,1,0,0,1,,
0,42,10,1,0,1,0,-9,0,0,0,0,0,0,1,2,1,1,0,1,0,0,1,1,
0,25,11,1,0,1,0,-14,0,0,0,0,0,0,1,2,1,1,0,1,0,0,1,1,1
0,45,10,1,0,1,0,-16,0,0,0,,,0,1,3,1,1,,0,0,0,1,1,1
1,28,7,1,0,0,1,-13,0,694.294738769531,,,0,0,1,1,1,1,0,1,0,0,1,1,1
1,26,11,1,0,1,0,-16,0,2406.24365234375,6095.8544921875,,0,0,1,2,1,1,0,1,0,0,1,1,1
0,47,12,0,0,1,0,-10,0,0,0,0,0,0,1,3,1,1,0,1,0,0,1,1,
1,34,10,1,0,0,1,-9,0,0,,,11550.228515625,0,1,4,1,1,11550.228515625,1,0,0,1,1,
0,41,12,0,0,1,0,-16,0,0,0,,0,0,1,2,1,1,0,1,0,0,1,1,1
1,32,12,0,0,1,0,-12,0,0,7744.32275390625,,0,0,1,2,1,1,0,1,0,0,1,1,
1,35,12,0,0,1,0,-6,11921.5224609375,12258.3056640625,14140.0751953125,16559.84375,14571.865234375,11921.5224609375,1,2,0,0,2650.3427734375,1,0,0,1,,
0,39,10,1,0,1,0,-11,9835.451171875,819.620910644531,0,0,1263.16870117188,9835.451171875,1,3,0,0,-8572.2822265625,1,0,0,1,,
1,35,9,1,0,1,0,-15,0,2677.74560546875,10255.6064453125,3201.6181640625,3472.69897460938,0,1,5,1,1,3472.69897460938,1,0,0,1,1,1
1,21,11,1,0,1,0,-5,0,0,969.245910644531,164.704666137695,0,0,1,1,1,1,0,1,0,0,1,1,
1,36,10,1,0,1,0,-12,0,0,10292.3564453125,11253.1103515625,13071.7548828125,0,1,2,1,1,13071.7548828125,1,0,0,1,1,
0,29,9,1,0,1,0,-6,0,0,0,7070.37109375,10425.3251953125,0,1,2,1,1,10425.3251953125,1,0,0,1,1,
1,20,10,1,0,1,0,-15,1740.70239257812,1187.70043945312,0,0,3273.81640625,2320.9365234375,1,1,0,0,1533.11401367188,1,0,0,1,1,1
0,34,8,1,0,0,1,-10,0,0,,,7158.66943359375,0,1,2,1,1,7158.66943359375,1,0,0,1,1,
0,26,12,0,0,1,0,-10,3131.4296875,521.904968261719,2495.06274414062,10073.814453125,9030.259765625,3131.4296875,1,1,0,0,5898.830078125,1,0,0,1,,
0,29,10,1,0,1,0,-11,0,1808.44409179688,645.264709472656,0,,0,1,4,1,1,,0,0,0,1,1,
1,29,10,1,0,1,0,-9,0,0,1786.72607421875,0,,0,1,3,1,1,,0,0,0,1,1,
0,35,12,0,0,1,0,-12,0,0,324.132080078125,,0,0,1,6,1,1,0,1,0,0,1,1,
1,24,11,1,0,1,0,-10,0,0,7745.71435546875,3057.64428710938,0,0,1,1,1,1,0,1,0,0,1,1,
0,28,12,0,0,1,0,-19,0,753.490356445312,0,,12510.3896484375,0,1,1,1,1,12510.3896484375,1,0,0,1,1,1
1,28,12,0,0,1,0,-5,2772.66577148438,1617.38842773438,2656.96435546875,376.235595703125,,2772.66577148438,1,1,0,0,,0,0,0,1,,
0,30,12,0,0,0,0,-15,0,,,0,0,0,1,3,1,1,0,1,0,0,1,1,1
1,43,12,0,0,1,0,-5,0,0,3294.98999023438,5361.4384765625,9258.5048828125,0,1,3,1,1,9258.5048828125,1,0,0,1,1,
1,33,8,1,0,1,0,-14,0,0,0,0,0,0,1,3,1,1,0,1,0,0,1,1,1
0,37,12,0,0,1,0,-16,0,0,1425.88244628906,,,0,1,4,1,1,,0,0,0,1,1,1
1,32,12,0,0,1,0,-5,0,489.193756103516,4461.36279296875,9755.349609375,9840.587890625,0,1,1,1,1,9840.587890625,1,0,0,1,1,
0,30,8,1,0,0,1,-8,0,0,0,0,0,0,1,3,1,1,0,1,0,0,1,1,
1,44,10,1,0,1,0,-8,0,229.021179199219,4905.76708984375,,0,0,1,3,1,1,0,1,0,0,1,1,
0,30,10,1,0,1,0,-13,0,2751.76733398438,3167.27416992188,1796.72985839844,3861.1484375,0,1,5,1,1,3861.1484375,1,0,0,1,1,1
0,40,13,0,0,0,0,-14,0,0,13985.095703125,17306.51171875,16295.17578125,0,1,1,1,1,16295.17578125,1,0,0,1,1,1
0,29,13,0,0,1,0,-15,0,0,0,7090.39013671875,11120.29296875,0,1,2,1,1,11120.29296875,1,0,0,1,1,1
1,36,12,0,0,1,0,-15,471.512573242188,2789.119140625,4861.77490234375,7911.3486328125,,476.705871582031,1,1,0,0,,0,0,0,1,1,1
1,27,10,1,0,1,0,-5,0,0,3657.22534179688,5669.04052734375,,0,1,2,1,1,,0,0,0,1,1,
1,34,11,1,0,1,0,-14,150.490219116211,4849.162109375,12505.2802734375,13562.7177734375,11467.857421875,0,1,2,1,0,11317.3671875,1,0,0,1,1,1
0,33,10,1,0,1,0,-19,0,0,0,,0,0,1,1,1,1,0,1,0,0,1,1,1
0,26,11,1,0,1,0,-14,12113.9990234375,7301.80322265625,504.066925048828,623.905700683594,0,11580.6357421875,1,3,0,0,-12113.9990234375,1,0,0,1,1,1
1,44,10,1,0,1,0,-14,980.264282226562,1655.59460449219,8268.8232421875,129.397323608398,,1176.31713867188,1,2,0,0,,0,0,0,1,1,1
1,33,11,1,0,1,0,-16,0,3325.0380859375,6836.0380859375,,0,0,1,3,1,1,0,1,0,0,1,1,1
1,24,9,1,0,1,0,-22,3382.62426757812,8956.19140625,1566.62487792969,,2877.59790039062,4856.7001953125,1,1,0,0,-505.0263671875,1,0,0,1,1,1
1,25,11,1,0,1,0,-14,5296.1533203125,1194.93078613281,6941.7275390625,107.489234924316,0,6355.38427734375,1,1,0,0,-5296.1533203125,1,0,0,1,1,1
1,28,8,1,0,1,0,-8,957.599975585938,319.199981689453,,,6179.236328125,957.599975585938,1,5,0,0,5221.63623046875,1,0,0,1,,
1,30,12,0,0,1,0,-15,2528.0107421875,2159.46899414062,7899.6162109375,,11259.3505859375,3370.68090820312,1,1,0,0,8731.33984375,1,0,0,1,1,1
0,49,11,1,0,1,0,-15,0,0,0,0,0,0,1,5,1,1,0,1,0,0,1,1,1
1,35,11,1,0,1,0,-12,0,0,8935.7216796875,0,,0,1,1,1,1,,0,0,0,1,1,
0,31,12,0,0,0,0,-17,1399.845703125,2825.85375976562,7997.16015625,,2142.04272460938,2399.73559570312,1,2,0,0,742.197021484375,1,0,0,1,1,1
0,28,11,1,0,1,0,-13,0,0,0,,0,0,1,1,1,1,0,1,0,0,1,1,1
0,47,10,1,0,1,0,-13,0,0,5550.595703125,,9901.1044921875,0,1,3,1,1,9901.1044921875,1,0,0,1,1,1
0,34,12,0,0,1,0,-11,1745.27392578125,145.439498901367,2365.06982421875,0,4862.740234375,1745.27392578125,1,1,0,0,3117.46630859375,1,0,0,1,,
1,25,12,0,0,1,0,-13,0,712.091735839844,9888.4912109375,,,0,1,1,1,1,,0,0,0,1,1,1
1,24,13,0,0,1,0,-23,13.9783811569214,10018.013671875,17307.345703125,,16414.150390625,167.740570068359,1,1,0,0,16400.171875,1,0,0,1,1,1
0,35,6,1,0,1,0,-16,0,0,0,,0,0,1,4,1,1,0,1,0,0,1,1,1
1,24,10,1,0,1,0,-14,0,1720.70568847656,8109.43896484375,0,0,0,1,1,1,1,0,1,0,0,1,1,1
1,31,9,1,0,1,0,-20,0,8721.669921875,,,,0,1,7,1,1,,0,0,0,1,1,1
1,40,8,1,0,1,0,-18,0,5386.44775390625,3059.04614257812,,0,0,1,1,1,1,0,1,0,0,1,1,1
0,-1,9,1,-1,0,1,,,,,,,,1,-1,0,0,,0,0,0,1,,
1,28,11,1,0,1,0,-5,0,0,,,,0,1,1,1,1,,0,0,0,1,1,
1,33,9,1,0,0,1,-20,0,0,0,,0,0,1,4,1,1,0,1,0,0,1,1,1
1,42,12,0,0,1,0,-15,0,,,,,0,1,2,1,1,,0,0,0,1,1,1
0,36,11,1,0,1,0,-11,0,0,0,8451.8037109375,5746.66650390625,0,1,2,1,1,5746.66650390625,1,0,0,1,1,
1,24,10,1,0,1,0,-12,0,0,3015.763671875,0,0,0,1,1,1,1,0,1,0,0,1,1,
1,34,10,1,0,1,0,-13,0,1776.35180664062,,,,0,1,4,1,1,,0,0,0,1,1,1
0,30,12,0,0,1,0,-7,0,0,9885.376953125,13245.9306640625,8852.8818359375,0,1,1,1,1,8852.8818359375,1,0,0,1,1,
1,24,11,1,0,1,0,-13,0,824.499328613281,6819.96533203125,,17430.8984375,0,1,1,1,1,17430.8984375,1,0,0,1,1,1
0,41,10,1,0,1,0,-21,0,0,0,,0,0,1,3,1,1,0,1,0,0,1,1,1
1,28,9,1,0,1,0,-20,0,6753.96435546875,3498.18774414062,,0,0,1,3,1,1,0,1,0,0,1,1,1
0,37,12,0,0,1,0,-13,3955.7470703125,0,0,,0,4315.3603515625,1,1,0,0,-3955.7470703125,1,0,0,1,1,1
1,32,7,1,0,0,1,-11,0,0,9367.66796875,15334.8779296875,1752.060546875,0,1,3,1,1,1752.060546875,1,0,0,1,1,
0,19,12,0,0,1,0,-11,1080.05822753906,1375.94763183594,3059.17211914062,8516.048828125,756.290710449219,1080.05822753906,1,0,0,0,-323.767517089844,1,0,0,1,,
1,29,9,1,0,1,0,-7,3894.56884765625,2207.14233398438,5076.72705078125,4269.68359375,0,3894.56884765625,1,3,0,0,-3894.56884765625,1,0,0,1,,
1,30,11,1,0,1,0,-11,871.779602050781,1586.3623046875,,,,871.779602050781,1,4,0,0,,0,0,0,1,,
1,24,10,1,0,1,0,-7,0,0,6731.8662109375,3770.39575195312,3559.10864257812,0,1,2,1,1,3559.10864257812,1,0,0,1,1,
0,41,12,0,0,1,0,-19,913.005249023438,3537.84716796875,,,9730.3564453125,942.008544921875,1,2,0,0,8817.3515625,1,0,0,1,1,1
1,34,9,1,0,1,0,-12,0,0,8935.7216796875,384.279174804688,5291.70068359375,0,1,2,1,1,5291.70068359375,1,0,0,1,1,
0,33,10,1,0,1,0,-11,13962.19140625,7217.1201171875,2700.33178710938,15681.123046875,17375.486328125,13962.19140625,1,4,0,0,3413.294921875,1,0,0,1,,
0,40,10,1,0,1,0,-19,0,0,0,,0,0,1,2,1,1,0,1,0,0,1,1,1
1,53,11,1,0,1,0,-13,0,616.591735839844,7557.0205078125,,,0,1,1,1,1,,0,0,0,1,1,1
1,40,11,1,0,1,0,-11,0,1875.40283203125,4413.52783203125,0,,0,1,1,1,1,,0,0,0,1,1,
0,34,11,1,0,1,0,-15,,,,,,0,1,2,1,0,,0,0,0,1,1,1
0,27,12,0,0,1,0,-11,0,0,5816.177734375,8624.6455078125,12725.888671875,0,1,1,1,1,12725.888671875,1,0,0,1,1,
1,27,10,1,0,1,0,-11,4030.56518554688,2562.9560546875,,11433.2548828125,9730.3564453125,4030.56518554688,1,1,0,0,5699.791015625,1,0,0,1,,
1,39,10,1,0,1,0,-10,0,0,4787.57421875,1104.46948242188,8022.92919921875,0,1,4,1,1,8022.92919921875,1,0,0,1,1,
0,22,12,0,0,1,0,-13,0,645.264709472656,,,,0,1,1,1,1,,0,0,0,1,1,1
0,28,10,1,0,0,1,-9,0,0,0,0,0,0,1,2,1,1,0,1,0,0,1,1,
0,25,8,1,0,1,0,-14,0,716.971740722656,1754.94799804688,0,0,0,1,1,1,1,0,1,0,0,1,1,1
0,44,10,1,0,0,0,-12,0,0,5593.09033203125,9062.943359375,11606.9150390625,0,1,2,1,1,11606.9150390625,1,0,0,1,1,
0,40,3,1,0,0,1,-12,0,0,4600.443359375,,,0,1,1,1,1,,0,0,0,1,1,
1,40,10,1,0,1,0,-15,0,2159.46899414062,1413.81030273438,189.699264526367,543.781372070312,0,1,1,1,1,543.781372070312,1,0,0,1,1,1
1,28,9,1,0,1,0,-8,0,0,1713.9951171875,,,0,1,2,1,1,,0,0,0,1,1,
0,31,9,1,1,1,0,-15,0,0,0,0,0,0,1,5,1,1,0,1,0,0,1,1,1
1,35,10,1,0,0,0,-9,0,0,6551.283203125,,,0,1,2,1,1,,0,0,0,1,1,
0,25,10,1,0,1,0,-16,1238.20263671875,1535.12268066406,0,,0,0,1,1,1,0,-1238.20263671875,1,0,0,1,1,1
1,29,11,1,0,0,1,-11,0,0,8110.40771484375,776.337219238281,0,0,1,2,1,1,0,1,0,0,1,1,
0,31,10,1,0,1,0,-14,0,0,0,,0,0,1,4,1,1,0,1,0,0,1,1,1
1,36,10,1,0,1,0,-22,0,8701.0224609375,12297.720703125,,10425.3251953125,0,1,6,1,1,10425.3251953125,1,0,0,1,1,1
1,53,8,1,0,1,0,-10,0,0,7056.384765625,0,2007.30139160156,0,1,1,1,1,2007.30139160156,1,0,0,1,1,
0,32,8,1,0,1,0,-5,4721.064453125,3682.80615234375,972.973876953125,1207.62219238281,6579.12353515625,4721.064453125,1,6,0,0,1858.05908203125,1,0,0,1,,
0,45,9,1,0,1,0,-8,0,0,0,1517.71069335938,2169.6103515625,0,1,1,1,1,2169.6103515625,1,0,0,1,1,
0,30,12,0,0,1,0,-22,0,0,0,,1729.01489257812,0,1,1,1,1,1729.01489257812,1,0,0,1,1,1
1,30,10,1,0,1,0,-7,0,0,4558.24169921875,2325.37182617188,0,0,1,2,1,1,0,1,0,0,1,1,
0,23,12,0,0,1,0,-7,0,0,,,4304.587890625,0,1,1,1,1,4304.587890625,1,0,0,1,1,
0,27,10,1,0,0,1,-8,0,0,4567.2197265625,10187.7265625,12344.4033203125,0,1,2,1,1,12344.4033203125,1,0,0,1,1,
0,-1,10,1,-1,1,0,,,,,,,,1,-1,0,0,,0,0,0,1,,
1,29,12,0,0,1,0,-22,0,,,,,0,1,1,1,1,,0,0,0,1,1,1
0,33,11,1,0,1,0,-20,0,0,1450.27905273438,,0,0,1,4,1,1,0,1,0,0,1,1,1
0,47,8,1,0,0,1,-7,0,0,7645.72607421875,12857.27734375,,0,1,1,1,1,,0,0,0,1,1,
1,26,10,1,0,0,1,-11,0,2846.58374023438,7691.1845703125,2346.93408203125,,0,1,2,1,1,,0,0,0,1,1,
0,30,10,1,0,1,0,-19,0,4943.25439453125,,,,0,1,4,1,1,,0,0,0,1,1,1
0,39,11,1,0,1,0,-15,994.71044921875,0,2650.400390625,8611.6962890625,8616.5185546875,1326.28063964844,1,2,0,0,7621.80810546875,1,0,0,1,1,1
1,26,9,1,0,1,0,-15,0,2807.31469726562,8605.546875,1611.83984375,0,0,1,2,1,1,0,1,0,0,1,1,1
0,24,8,1,0,1,0,-11,0,0,0,0,0,0,1,1,1,1,0,1,0,0,1,1,
1,31,12,0,0,1,0,-10,0,0,7751.25341796875,14955.76953125,14455.0625,0,1,2,1,1,14455.0625,1,0,0,1,1,
0,24,10,1,0,0,1,-5,0,0,0,0,0,0,1,1,1,1,0,1,0,0,1,1,
1,43,11,1,0,1,0,-8,0,0,5472.90625,,,0,1,1,1,1,,0,0,0,1,1,
0,41,11,1,0,1,0,-14,0,0,0,,,0,1,2,1,1,,0,0,0,1,1,1
1,34,11,1,0,1,0,-8,0,0,6382.623046875,9639.30078125,17843.984375,0,1,3,1,1,17843.984375,1,0,0,1,1,
0,33,12,0,0,1,0,-5,2562.86376953125,2167.28857421875,,,,2562.86376953125,1,3,0,0,,0,0,0,1,,
0,38,12,0,0,1,0,-9,7286.66796875,4957.3212890625,6769.06787109375,23179.236328125,20155.68359375,7286.66796875,1,4,0,0,12869.015625,1,0,0,1,,
1,37,15,0,0,1,0,-10,2855.12109375,2729.80615234375,8278.46875,10842.2490234375,12093.376953125,2855.12109375,1,4,0,0,9238.255859375,1,0,0,1,,
0,41,7,1,0,1,0,-20,0,0,0,,0,0,1,3,1,1,0,1,0,0,1,1,1
1,36,16,0,0,1,0,-13,0,356.054077148438,8753.4462890625,,20817.92578125,0,1,3,1,1,20817.92578125,1,0,0,1,1,1
1,20,10,1,0,1,0,-16,0,3454.81494140625,2963.853515625,,,0,1,1,1,1,,0,0,0,1,1,1
1,24,13,0,0,1,0,-5,0,0,2020.54187011719,1596.79943847656,0,0,1,1,1,1,0,1,0,0,1,1,
0,32,11,1,0,1,0,-7,0,0,0,0,0,0,1,3,1,1,0,1,0,0,1,1,
0,30,12,0,0,1,0,-7,0,0,0,0,0,0,1,1,1,1,0,1,0,0,1,1,
1,26,9,1,0,1,0,-19,0,5936.1259765625,2074.1240234375,,10425.3251953125,0,1,3,1,1,10425.3251953125,1,0,0,1,1,1
1,28,10,1,0,1,0,-14,0,1811.64880371094,8746.197265625,11372.2607421875,11065.982421875,0,1,1,1,1,11065.982421875,1,0,0,1,1,1
1,22,12,0,0,1,0,-20,3883.87280273438,5685.01611328125,,,0,1472.85473632812,1,1,0,0,-3883.87280273438,1,0,0,1,1,1
0,25,12,0,0,1,0,-15,0,0,0,,,0,1,1,1,1,,0,0,0,1,1,1
0,20,11,1,0,1,0,-12,0,0,0,,1354.49340820312,0,1,1,1,1,1354.49340820312,1,0,0,1,1,
0,38,12,0,0,1,0,-13,0,,,,,0,1,3,1,1,,0,0,0,1,1,1
0,28,10,1,0,1,0,-7,0,0,0,0,2116.41064453125,0,1,4,1,1,2116.41064453125,1,0,0,1,1,
1,26,9,1,0,1,0,-11,0,0,,,,0,1,3,1,1,,0,0,0,1,1,
1,27,2,1,0,0,1,-14,0,0,,,,0,1,1,1,1,,0,0,0,1,1,1
0,34,12,0,0,1,0,-21,2726.01245117188,809.80712890625,1554.1904296875,,,1154.84375,1,1,0,0,,0,0,0,1,1,1
0,56,10,1,0,1,0,-16,0,1634.515625,379.799774169922,,0,0,1,3,1,1,0,1,0,0,1,1,1
0,30,10,1,0,1,0,-5,468.37109375,273.216491699219,0,677.579772949219,1053.44006347656,468.37109375,1,4,0,0,585.068969726562,1,0,0,1,,
0,39,9,1,0,0,0,-15,0,0,0,0,0,0,1,1,1,1,0,1,0,0,1,1,1
1,38,6,1,0,1,0,-20,0,8170.15478515625,11516.5537109375,,11494.5,0,1,4,1,1,11494.5,1,0,0,1,1,1
1,25,12,0,0,1,0,-13,0,2260.96630859375,9867.7353515625,,10884.2470703125,0,1,1,1,1,10884.2470703125,1,0,0,1,1,1
1,25,12,0,0,1,0,-16,0,2293.86889648438,238.979568481445,,,0,1,1,1,1,,0,0,0,1,1,1
1,30,12,0,0,1,0,-17,0,3895.08471679688,7089.14794921875,,0,0,1,2,1,1,0,1,0,0,1,1,1
0,24,10,1,0,1,0,-6,0,1440.97863769531,0,0,4469.9140625,0,1,2,1,1,4469.9140625,1,0,0,1,1,
1,31,12,0,0,1,0,-16,0,3454.81494140625,8073.0068359375,,11315.32421875,0,1,1,1,1,11315.32421875,1,0,0,1,1,1
0,40,11,1,0,0,0,-8,0,0,0,0,0,0,1,1,1,1,0,1,0,0,1,1,
0,33,11,1,0,1,0,-20,0,0,0,,0,0,1,2,1,1,0,1,0,0,1,1,1
1,36,11,1,0,0,1,-5,0,0,3464.83618164062,3721.75805664062,0,0,1,4,1,1,0,1,0,0,1,1,
1,30,12,0,0,1,0,-20,0,7209.86962890625,1730.67993164062,,0,0,1,1,1,1,0,1,0,0,1,1,1
1,38,14,0,0,1,0,-13,0,567.601257324219,7797.26318359375,,1530.16186523438,0,1,1,1,1,1530.16186523438,1,0,0,1,1,1
1,37,10,1,0,0,1,-10,0,0,7266.63427734375,8908.8623046875,9544.4560546875,0,1,3,1,1,9544.4560546875,1,0,0,1,1,
0,34,12,0,0,1,0,-15,0,0,0,1921.43200683594,0,0,1,4,1,1,0,1,0,0,1,1,1
0,28,7,1,0,0,1,-16,0,2036.50354003906,3298.4697265625,,6601.1005859375,0,1,2,1,1,6601.1005859375,1,0,0,1,1,1
0,27,8,1,1,0,1,-21,0,0,,,,0,1,3,1,1,,0,0,0,1,1,1
0,36,11,1,0,1,0,-16,0,0,0,,332.622589111328,0,1,2,1,1,332.622589111328,1,0,0,1,1,1
1,39,10,1,0,0,0,-11,0,0,7743.63037109375,8865.673828125,9544.4560546875,0,1,3,1,1,9544.4560546875,1,0,0,1,1,
0,33,12,0,0,1,0,-8,0,0,941.6884765625,4436.673828125,5037.248046875,0,1,1,1,1,5037.248046875,1,0,0,1,1,
1,30,7,1,0,1,0,-18,0,4218.6474609375,2247.93310546875,,,0,1,1,1,1,,0,0,0,1,1,1
0,29,8,1,0,1,0,-22,0,2081.91357421875,5150.94677734375,,1370.40148925781,0,1,3,1,1,1370.40148925781,1,0,0,1,1,1
0,33,9,1,0,1,0,-17,4121.54248046875,,,,,4283.548828125,1,4,0,0,,0,0,0,1,1,1
1,29,9,1,0,1,0,-21,1323.81042480469,8136.47998046875,4265.314453125,,,5295.24169921875,1,3,0,0,,0,0,0,1,1,1
0,31,12,0,0,1,0,-22,0,0,0,,0,0,1,3,1,1,0,1,0,0,1,1,1
0,27,12,0,0,1,0,-15,0,1175.97387695312,,,28699.705078125,0,1,3,1,1,28699.705078125,1,0,0,1,1,1
0,33,12,0,0,1,0,-8,0,0,5465.6689453125,11342.96484375,10265.7744140625,0,1,2,1,1,10265.7744140625,1,0,0,1,1,
0,37,11,1,0,1,0,-18,0,1324.49560546875,5223.75439453125,,11524.8671875,0,1,4,1,1,11524.8671875,1,0,0,1,1,1
0,33,11,1,0,1,0,-19,0,0,0,,0,0,1,2,1,1,0,1,0,0,1,1,1
0,22,12,0,0,1,0,-9,4353.59912109375,1088.39978027344,3752.30541992188,398.444396972656,1592.77734375,4353.59912109375,1,1,0,0,-2760.82177734375,1,0,0,1,,
0,29,11,1,0,1,0,-9,0,0,1761.8388671875,0,1663.25476074219,0,1,1,1,1,1663.25476074219,1,0,0,1,1,
0,52,8,1,0,1,0,-5,0,0,0,,,0,1,1,1,1,,0,0,0,1,1,
1,41,10,1,0,1,0,-13,0,567.601257324219,7790.60888671875,,,0,1,3,1,1,,0,0,0,1,1,1
1,31,7,1,0,1,0,-9,0,0,5803.69580078125,3562.77685546875,10374.408203125,0,1,4,1,1,10374.408203125,1,0,0,1,1,
1,29,6,1,0,1,0,-16,151.960006713867,433.399719238281,0,,,0,1,5,1,0,,0,0,0,1,1,1
0,29,12,0,1,1,0,-17,2579.2919921875,0,0,,28287.2734375,4159.71875,1,1,0,0,25707.98046875,1,0,0,1,1,1
0,26,12,0,0,1,0,-19,8466.2099609375,7338.9677734375,0,,1174.64819335938,8770.1923828125,1,1,0,0,-7291.5615234375,1,0,0,1,1,1
0,37,12,0,0,0,1,-6,0,0,5497.7724609375,5627.88427734375,12249.005859375,0,1,1,1,1,12249.005859375,1,0,0,1,1,
1,26,10,1,0,1,0,-13,0,261.104125976562,522.208251953125,366.369384765625,,0,1,2,1,1,,0,0,0,1,1,1
0,42,12,0,0,0,0,-10,3837.71826171875,3063.21044921875,179.580352783203,5759.52099609375,2691.38134765625,3837.71826171875,1,2,0,0,-1146.3369140625,1,0,0,1,,
0,46,10,1,0,1,0,-16,0,0,0,,,0,1,1,1,1,,0,0,0,1,1,1
0,43,10,1,0,0,0,-13,0,0,333.155792236328,,,0,1,1,1,1,,0,0,0,1,1,1
0,44,12,0,0,1,0,-13,0,0,0,,10512.787109375,0,1,2,1,1,10512.787109375,1,0,0,1,1,1
1,24,11,1,0,1,0,-23,0,723.8740234375,,,7513.85107421875,0,1,1,1,1,7513.85107421875,1,0,0,1,1,1
1,26,10,1,0,1,0,-19,0,6342.0537109375,4373.53271484375,,0,0,1,2,1,1,0,1,0,0,1,1,1
1,39,11,1,0,1,0,-12,0,0,8935.7216796875,5058.38232421875,9198.5888671875,0,1,3,1,1,9198.5888671875,1,0,0,1,1,
1,32,9,1,0,1,0,-7,0,2629.5927734375,,,8852.8818359375,0,1,1,1,1,8852.8818359375,1,0,0,1,1,
1,29,10,1,0,1,0,-16,0,3742.69384765625,7444.10400390625,,,0,1,1,1,1,,0,0,0,1,1,1
0,51,10,1,0,1,0,-10,0,0,0,0,,0,1,0,1,1,,0,0,0,1,1,
1,37,11,1,0,1,0,-11,0,0,8712.41015625,1146.93762207031,290.002777099609,0,1,1,1,1,290.002777099609,1,0,0,1,1,
0,52,9,1,0,0,1,-6,0,0,0,,,0,1,2,1,1,,0,0,0,1,1,
1,37,12,0,0,1,0,-16,0,4894.34326171875,12860.400390625,,1815.56079101562,0,1,3,1,1,1815.56079101562,1,0,0,1,1,1
1,37,8,1,0,0,1,-18,4110.9658203125,5212.7236328125,,,,8221.931640625,1,1,0,0,,0,0,0,1,1,1
1,35,3,1,0,0,1,-7,0,0,3860.63427734375,1523.6689453125,8656.197265625,0,1,1,1,1,8656.197265625,1,0,0,1,1,
0,30,12,0,0,0,0,-15,0,1180.52429199219,5145.5517578125,10352.2451171875,10425.3251953125,0,1,1,1,1,10425.3251953125,1,0,0,1,1,1
1,33,12,0,0,1,0,-12,0,1372.357421875,,,,0,1,2,1,1,,0,0,0,1,1,
0,28,12,0,0,1,0,-10,0,0,0,0,,0,1,2,1,1,,0,0,0,1,1,
0,34,11,1,0,0,0,-17,0,0,0,,0,0,1,1,1,1,0,1,0,0,1,1,1
0,41,11,1,0,1,0,-20,7905.7109375,0,,,0,12961.1220703125,1,3,0,0,-7905.7109375,1,0,0,1,1,1
1,33,10,1,0,1,0,-16,0,3267.25537109375,6765.33056640625,,0,0,1,5,1,1,0,1,0,0,1,1,1
1,25,10,1,0,1,0,-12,0,0,11007.22265625,16378.33984375,15637.986328125,0,1,1,1,1,15637.986328125,1,0,0,1,1,
1,32,9,1,0,0,0,-15,828.952758789062,,,,,1105.27038574219,1,1,0,0,,0,0,0,1,1,1
1,38,8,1,0,0,1,-5,7526.1904296875,6465.77978515625,4789.21240234375,5031.560546875,0,7526.1904296875,1,1,0,0,-7526.1904296875,1,0,0,1,,
0,28,11,1,0,1,0,-13,0,0,0,,,0,1,1,1,1,,0,0,0,1,1,1
1,44,9,1,0,1,0,-14,0,1677.68811035156,8662.03125,145.56706237793,0,0,1,3,1,1,0,1,0,0,1,1,1
1,47,14,0,0,1,0,-7,0,0,5032.607421875,17018.947265625,9682.833984375,0,1,1,1,1,9682.833984375,1,0,0,1,1,
0,23,10,1,0,1,0,-15,0,0,1431.16003417969,8150.3515625,7784.18896484375,0,1,2,1,1,7784.18896484375,1,0,0,1,1,1
1,35,11,1,0,1,0,-21,0,8530.1826171875,,,8837.8544921875,0,1,1,1,1,8837.8544921875,1,0,0,1,1,1
1,49,8,1,0,0,1,-16,6028.912109375,4023.63427734375,7093.5751953125,,9469.224609375,9043.3681640625,1,0,0,0,3440.3125,1,0,0,1,1,1
1,27,8,1,0,1,0,-20,0,7444.94384765625,3498.18774414062,,0,0,1,3,1,1,0,1,0,0,1,1,1
0,33,9,1,0,1,0,-9,0,0,691.22216796875,0,13198.7880859375,0,1,4,1,1,13198.7880859375,1,0,0,1,1,
0,29,12,0,0,0,1,-16,0,448.094940185547,3088.04541015625,,,0,1,2,1,1,,0,0,0,1,1,1
1,25,12,0,0,1,0,-5,0,177.925964355469,3755.54272460938,8736.2421875,10872.8125,0,1,1,1,1,10872.8125,1,0,0,1,1,
0,34,10,1,0,1,0,-9,5276.64990234375,7794.9013671875,3461.9931640625,11127.1728515625,10391.001953125,5276.64990234375,1,4,0,0,5114.35205078125,1,0,0,1,,
0,37,12,0,0,1,0,-8,0,0,279.771209716797,7645.6748046875,10373.828125,0,1,3,1,1,10373.828125,1,0,0,1,1,
0,30,9,1,0,1,0,-5,0,0,,,,0,1,4,1,1,,0,0,0,1,1,
1,41,11,1,0,1,0,-15,0,2591.3828125,7358.068359375,0,0,0,1,5,1,1,0,1,0,0,1,1,1
0,35,11,1,0,0,1,-8,0,1446.63928222656,1016.27740478516,337.545379638672,,0,1,3,1,1,,0,0,0,1,1,
1,28,12,0,0,1,0,-14,0,1799.58251953125,10416.87109375,11007.67578125,12162.8251953125,0,1,2,1,1,12162.8251953125,1,0,0,1,1,1
0,47,12,0,0,1,0,-20,0,1534.30700683594,3415.30883789062,,0,0,1,3,1,1,0,1,0,0,1,1,1
1,23,11,1,1,1,0,-8,0,0,2904.62841796875,24.186243057251,573.982177734375,0,1,1,1,1,573.982177734375,1,0,0,1,1,
1,34,10,1,0,1,0,-17,0,4474.28564453125,8590.541015625,,4304.587890625,0,1,1,1,1,4304.587890625,1,0,0,1,1,1
1,35,12,0,0,1,0,-16,0,2659.52001953125,5338.3203125,,0,0,1,2,1,1,0,1,0,0,1,1,1
1,27,9,1,0,1,0,-14,3872.63720703125,1715.28723144531,,818.30908203125,,3812.92016601562,1,3,0,0,,0,0,0,1,1,1
0,35,11,1,0,1,0,-7,0,0,0,0,0,0,1,6,1,1,0,1,0,0,1,1,
1,26,10,1,0,1,0,-10,0,0,8078.82763671875,1202.896484375,0,0,1,0,1,1,0,1,0,0,1,1,
0,26,12,0,0,1,0,-10,6715.79443359375,1119.29907226562,6401.0771484375,5854.90283203125,1670.59106445312,6715.79443359375,1,1,0,0,-5045.203125,1,0,0,1,,
1,27,11,1,0,1,0,-8,0,0,5472.7001953125,9939.185546875,12042.560546875,0,1,3,1,1,12042.560546875,1,0,0,1,1,
0,33,11,1,0,1,0,-9,3384.7841796875,846.196044921875,0,0,0,3384.7841796875,1,2,0,0,-3384.7841796875,1,0,0,1,,
0,29,11,1,0,1,0,-11,0,0,0,0,7469.57421875,0,1,4,1,1,7469.57421875,1,0,0,1,1,
1,43,12,0,0,1,0,-12,0,0,6289.52587890625,0,0,0,1,1,1,1,0,1,0,0,1,1,
1,25,8,1,0,1,0,-11,354.821350097656,799.872863769531,8017.26953125,873.386901855469,4704.8642578125,354.821350097656,1,0,0,0,4350.04296875,1,0,0,1,,
1,28,12,0,0,1,0,-14,0,1519.94580078125,9546.208984375,11529.345703125,,0,1,2,1,1,,0,0,0,1,1,1
0,27,9,1,0,1,0,-7,340.30615234375,1080.93444824219,474.716888427734,0,918.290954589844,340.30615234375,1,1,0,0,577.984802246094,1,0,0,1,,
1,36,12,0,0,1,0,-7,0,0,4810.9267578125,3683.84326171875,0,0,1,4,1,1,0,1,0,0,1,1,
0,35,11,1,0,1,0,-12,0,0,0,,10564.3828125,0,1,2,1,1,10564.3828125,1,0,0,1,1,
0,36,12,0,0,1,0,-11,0,0,806.2080078125,3127.5791015625,1178.20690917969,0,1,4,1,1,1178.20690917969,1,0,0,1,1,
1,31,10,1,0,1,0,-10,0,0,0,0,0,0,1,1,1,1,0,1,0,0,1,1,
1,28,8,1,0,1,0,-14,0,1783.20874023438,,,,0,1,3,1,1,,0,0,0,1,1,1
1,38,10,1,0,1,0,-9,0,0,5777.759765625,2681.05004882812,9221.25390625,0,1,0,1,1,9221.25390625,1,0,0,1,1,
1,55,10,1,0,0,1,-11,0,0,0,0,0,0,1,0,1,1,0,1,0,0,1,1,
0,25,12,0,0,1,0,-9,0,0,0,,,0,1,2,1,1,,0,0,0,1,1,
0,28,14,0,0,1,0,-7,0,0,,,,0,1,1,1,1,,0,0,0,1,1,
1,31,10,1,0,1,0,-11,0,0,8142.591796875,1209.31213378906,1751.30004882812,0,1,3,1,1,1751.30004882812,1,0,0,1,1,
1,51,11,1,0,1,0,-16,0,2994.19506835938,9094.8017578125,,10477.15234375,0,1,0,1,1,10477.15234375,1,0,0,1,1,1
0,40,11,1,0,1,0,-8,0,0,0,0,8255.9921875,0,1,4,1,1,8255.9921875,1,0,0,1,1,
1,25,12,0,0,1,0,-9,0,2213.37646484375,6870.970703125,2778.58740234375,0,0,1,1,1,1,0,1,0,0,1,1,
1,23,11,1,0,1,0,-9,0,0,8647.6142578125,2237.853515625,0,0,1,1,1,1,0,1,0,0,1,1,
0,28,10,1,0,1,0,-9,0,0,0,2561.56689453125,725.02783203125,0,1,3,1,1,725.02783203125,1,0,0,1,1,
0,39,10,1,0,0,0,-16,0,0,0,,0,0,1,1,1,1,0,1,0,0,1,1,1
0,40,11,1,0,1,0,-16,0,0,0,,0,0,1,1,1,1,0,1,0,0,1,1,1
1,43,6,1,0,1,0,-17,0,4762.97900390625,3723.900390625,,0,0,1,0,1,1,0,1,0,0,1,1,1
0,51,12,0,0,0,0,-17,5059.07373046875,1804.1865234375,2592.5625,,13067.037109375,7199.427734375,1,1,0,0,8007.96337890625,1,0,0,1,1,1
1,46,11,1,0,1,0,-10,0,0,7755.6025390625,1781.49499511719,0,0,1,1,1,1,0,1,0,0,1,1,
0,35,11,1,0,1,0,-6,10762.5087890625,5381.25439453125,2439.06591796875,5000.3916015625,8421.88671875,10762.5087890625,1,4,0,0,-2340.6220703125,1,0,0,1,,
0,45,10,1,0,1,0,-5,0,0,0,3282.6474609375,10858.494140625,0,1,1,1,1,10858.494140625,1,0,0,1,1,
1,36,11,1,0,1,0,-8,0,0,5517.66650390625,3652.71533203125,10254.9326171875,0,1,4,1,1,10254.9326171875,1,0,0,1,1,
1,39,9,1,0,0,0,-17,0,3245.90161132812,7392.44482421875,,0,0,1,1,1,1,0,1,0,0,1,1,1
1,29,9,1,0,1,0,-17,1213.25122070312,5148.11962890625,9159.00390625,,11120.29296875,2079.859375,1,2,0,0,9907.0419921875,1,0,0,1,1,1
1,50,6,1,0,1,0,-16,0,3022.96313476562,7913.9287109375,,0,0,1,3,1,1,0,1,0,0,1,1,1
1,34,12,0,0,1,0,-9,0,0,7010.99365234375,3120.67895507812,0,0,1,3,1,1,0,1,0,0,1,1,
1,27,10,1,0,1,0,-19,1307.67236328125,3344.78515625,9963.78125,,,812.02978515625,1,3,0,0,,0,0,0,1,1,1
0,26,12,0,0,1,0,-15,0,0,0,0,,0,1,2,1,1,,0,0,0,1,1,1
1,37,8,1,0,1,0,-11,0,0,7121.935546875,4237.98095703125,,0,1,4,1,1,,0,0,0,1,1,
0,29,9,1,0,1,0,-5,2634.19775390625,1536.61535644531,,,1560.28979492188,2634.19775390625,1,5,0,0,-1073.90795898438,1,0,0,1,,
1,28,11,1,0,1,0,-8,0,0,5610.65576171875,2933.40185546875,425.076751708984,0,1,2,1,1,425.076751708984,1,0,0,1,1,
0,23,11,1,0,1,0,-5,0,0,4671.54541015625,5782.19970703125,,0,1,1,1,1,,0,0,0,1,1,
0,26,11,1,0,1,0,-15,0,719.806396484375,0,,,0,1,4,1,1,,0,0,0,1,1,1
0,32,10,1,0,1,0,-8,0,0,5605.6171875,3596.8486328125,2420.74853515625,0,1,5,1,1,2420.74853515625,1,0,0,1,1,
0,45,9,1,0,0,1,-14,2302.46411132812,0,0,1562.43823242188,6224.64501953125,2762.95703125,1,2,0,0,3922.18090820312,1,0,0,1,1,1
1,35,10,1,0,0,0,-16,4726.58154296875,3581.27905273438,6955.36865234375,,3942.80053710938,7089.8720703125,1,4,0,0,-783.781005859375,1,0,0,1,1,1
0,37,4,1,0,0,1,-17,0,,,,,0,1,1,1,1,,0,0,0,1,1,1
0,40,10,1,0,1,0,-8,0,0,0,0,0,0,1,1,1,1,0,1,0,0,1,1,
1,27,9,1,0,1,0,-13,0,681.118225097656,5274.3466796875,,0,0,1,1,1,1,0,1,0,0,1,1,1
1,35,12,0,0,1,0,-8,0,0,5483.53515625,4861.27783203125,,0,1,5,1,1,,0,0,0,1,1,
1,28,12,0,0,1,0,-13,0,752.808776855469,8941.595703125,,,0,1,1,1,1,,0,0,0,1,1,1
0,43,4,1,0,0,1,-16,0,0,0,,669.080261230469,0,1,1,1,1,669.080261230469,1,0,0,1,1,1
0,32,7,1,0,0,1,-17,0,0,0,,0,0,1,3,1,1,0,1,0,0,1,1,1
1,23,12,0,0,1,0,-11,0,1311.67626953125,,,,0,1,1,1,1,,0,0,0,1,1,
1,35,10,1,0,1,0,-16,0,3325.0380859375,9396.619140625,,10599.8173828125,0,1,3,1,1,10599.8173828125,1,0,0,1,1,1
1,36,10,1,0,1,0,-11,0,0,8328.4638671875,11029.1201171875,3367.18823242188,0,1,2,1,1,3367.18823242188,1,0,0,1,1,
0,28,11,1,0,1,0,-13,6778.8056640625,,,,,7395.060546875,1,3,0,0,,0,0,0,1,1,1
0,21,10,1,0,1,0,-9,1680.26989746094,1168.67639160156,0,0,0,1680.26989746094,1,1,0,0,-1680.26989746094,1,0,0,1,,
0,40,9,1,0,0,0,-13,6661.19775390625,376.242889404297,0,,0,7061.5380859375,1,1,0,0,-6661.19775390625,1,0,0,1,1,1
0,36,11,1,0,1,0,-15,8238.150390625,3324.97509765625,3169.30249023438,1294.90991210938,,9472.83984375,1,2,0,0,,0,0,0,1,1,1
1,30,12,0,0,1,0,-13,1873.01342773438,1229.22570800781,8494.7275390625,16571.060546875,7072.4697265625,1715.90405273438,1,3,0,0,5199.4560546875,1,0,0,1,1,1
1,44,10,1,0,1,0,-17,0,4257.78662109375,,,,0,1,1,1,1,,0,0,0,1,1,1
0,46,12,0,0,1,0,-14,0,0,0,0,0,0,1,4,1,1,0,1,0,0,1,1,1
1,35,11,1,0,1,0,-6,0,0,3660.61303710938,9732.2607421875,10443.5185546875,0,1,6,1,1,10443.5185546875,1,0,0,1,1,
0,34,9,1,0,1,0,-9,0,0,0,4796.80712890625,7262.0859375,0,1,0,1,1,7262.0859375,1,0,0,1,1,
0,34,11,1,0,1,0,-19,0,0,,,,0,1,1,1,1,,0,0,0,1,1,1
0,30,8,1,0,0,1,-8,0,0,4702.28662109375,9654.0615234375,5867.478515625,0,1,4,1,1,5867.478515625,1,0,0,1,1,
0,34,11,1,0,0,1,-15,0,0,0,0,22588.1484375,0,1,6,1,1,22588.1484375,1,0,0,1,1,1
1,32,10,1,0,1,0,-8,0,0,5132.095703125,3349.693359375,,0,1,4,1,1,,0,0,0,1,1,
0,37,11,1,0,1,0,-20,0,,,,1651.55834960938,0,1,3,1,1,1651.55834960938,1,0,0,1,1,1
0,29,11,1,0,1,0,-13,0,,,,,0,1,1,1,1,,0,0,0,1,1,1
0,42,10,1,0,1,0,-12,0,0,0,0,0,0,1,4,1,1,0,1,0,0,1,1,
0,25,13,0,0,1,0,-14,0,0,0,0,,0,1,1,1,1,,0,0,0,1,1,1
0,31,12,0,0,1,0,-11,0,0,,,2460.88305664062,0,1,1,1,1,2460.88305664062,1,0,0,1,1,
1,25,9,1,0,1,0,-15,0,2591.3828125,7044.18798828125,0,,0,1,2,1,1,,0,0,0,1,1,1
1,42,9,1,0,1,0,-9,0,368.018646240234,6600.6669921875,2305.5361328125,0,0,1,1,1,1,0,1,0,0,1,1,
1,45,8,1,0,1,0,-14,0,1605.98095703125,9187.9892578125,2645.63671875,3576.18969726562,0,1,3,1,1,3576.18969726562,1,0,0,1,1,1
1,35,12,0,0,1,0,-9,1719.27905273438,429.819763183594,6211.7080078125,2305.5361328125,8092.03857421875,1719.27905273438,1,2,0,0,6372.759765625,1,0,0,1,,
1,32,12,0,0,1,0,-5,0,0,3887.1005859375,10935.7001953125,10597.4462890625,0,1,4,1,1,10597.4462890625,1,0,0,1,1,
0,29,10,1,0,1,0,-11,0,0,0,0,,0,1,3,1,1,,0,0,0,1,1,
1,39,11,1,0,1,0,-13,0,2703.20385742188,10960.5234375,11530.0048828125,10425.3251953125,0,1,2,1,1,10425.3251953125,1,0,0,1,1,1
1,46,8,1,0,1,0,-5,0,0,3774.732421875,9230.0234375,16571.8515625,0,1,4,1,1,16571.8515625,1,0,0,1,1,
0,37,6,1,0,1,0,-12,0,149.702728271484,0,,11554.5966796875,0,1,2,1,1,11554.5966796875,1,0,0,1,1,
1,30,10,1,0,1,0,-15,0,2677.74560546875,10255.6064453125,,0,0,1,2,1,1,0,1,0,0,1,1,1
1,34,10,1,0,1,0,-8,0,482.213134765625,5678.47900390625,2933.40185546875,369.600799560547,0,1,4,1,1,369.600799560547,1,0,0,1,1,
0,42,11,1,0,1,0,-16,0,0,0,,,0,1,1,1,1,,0,0,0,1,1,1
1,49,6,1,0,1,0,-14,0,,,,,0,1,0,1,1,,0,0,0,1,1,1
0,29,11,1,0,1,0,-12,0,0,0,0,,0,1,6,1,1,,0,0,0,1,1,
1,28,11,1,0,0,1,-6,0,0,4805.42919921875,783.556823730469,,0,1,3,1,1,,0,0,0,1,1,
0,50,0,1,0,0,0,-15,0,0,0,,0,0,1,2,1,1,0,1,0,0,1,1,1
1,25,12,0,0,1,0,-7,620.090209960938,258.370910644531,,,,620.090209960938,1,1,0,0,,0,0,0,1,,
0,44,9,1,0,1,0,-5,0,355.769836425781,728.04052734375,8622.5478515625,6969.06103515625,0,1,4,1,1,6969.06103515625,1,0,0,1,1,
0,37,12,0,0,1,0,-8,0,0,0,0,0,0,1,3,1,1,0,1,0,0,1,1,
0,-1,8,1,-1,1,0,,,,,,,,1,-1,0,0,,0,0,0,1,,
1,46,12,0,0,0,1,-6,3992.99560546875,1996.49780273438,,,7083.76904296875,3992.99560546875,1,2,0,0,3090.7734375,1,0,0,1,,
0,26,12,0,0,1,0,-5,0,0,0,0,0,0,1,1,1,1,0,1,0,0,1,1,
1,47,8,1,0,0,0,-12,0,0,7572.1279296875,,0,0,1,1,1,1,0,1,0,0,1,1,
0,39,8,1,0,1,0,-12,0,0,0,367.531158447266,0,0,1,4,1,1,0,1,0,0,1,1,
1,43,12,0,0,0,0,-16,0,3325.0380859375,9564.140625,,12358.87890625,0,1,4,1,1,12358.87890625,1,0,0,1,1,1
1,41,12,0,0,0,0,-14,686.598754882812,176.835586547852,88.4177932739258,10551.603515625,4124.359375,823.91845703125,1,3,0,0,3437.7607421875,1,0,0,1,1,1
1,33,12,0,0,0,0,-17,0,,,,,0,1,4,1,1,,0,0,0,1,1,1
1,48,8,1,0,1,0,-11,0,0,0,0,0,0,1,3,1,1,0,1,0,0,1,1,
1,31,6,1,0,0,1,-10,0,0,,,0,0,1,3,1,1,0,1,0,0,1,1,
0,34,10,1,0,1,0,-12,0,0,0,,,0,1,2,1,1,,0,0,0,1,1,
0,33,11,1,0,1,0,-6,0,0,,,,0,1,3,1,1,,0,0,0,1,1,
0,22,10,1,0,1,0,-5,0,0,0,3034.28686523438,,0,1,1,1,1,,0,0,0,1,1,
1,36,11,1,1,1,0,-20,0,7209.86962890625,9338.2509765625,,,0,1,2,1,1,,0,0,0,1,1,1
0,25,10,1,0,1,0,-21,350.720672607422,0,0,,451.523864746094,618.535705566406,1,1,0,0,100.803192138672,1,0,0,1,1,1
0,39,3,1,0,1,0,-15,0,2634.58911132812,10131.01171875,2450.3388671875,,0,1,5,1,1,,0,0,0,1,1,1
1,34,9,1,0,1,0,-19,0,6291.23974609375,6729.87060546875,,10772.8896484375,0,1,3,1,1,10772.8896484375,1,0,0,1,1,1
1,23,10,1,0,1,0,-8,0,0,5779.2646484375,,,0,1,1,1,1,,0,0,0,1,1,
1,24,11,1,0,1,0,-12,8002.7998046875,712.743103027344,7902.271484375,384.279174804688,0,8002.7998046875,1,1,0,0,-8002.7998046875,1,0,0,1,,
0,37,12,0,0,1,0,-8,0,0,4926.1220703125,11336.2041015625,,0,1,3,1,1,,0,0,0,1,1,
0,26,10,1,0,1,0,-17,0,579.861206054688,0,,,0,1,3,1,1,,0,0,0,1,1,1
0,36,8,1,0,1,0,-15,0,0,0,0,0,0,1,6,1,1,0,1,0,0,1,1,1
0,32,8,1,0,1,0,-14,0,,,,,0,1,2,1,1,,0,0,0,1,1,1
0,30,12,0,0,1,0,-16,0,0,0,,350.276123046875,0,1,1,1,1,350.276123046875,1,0,0,1,1,1
0,34,12,0,0,0,1,-5,0,0,0,5581.22705078125,6107.61083984375,0,1,3,1,1,6107.61083984375,1,0,0,1,1,
1,36,10,1,0,0,1,-8,0,0,5235.771484375,11974.4541015625,13074.78515625,0,1,3,1,1,13074.78515625,1,0,0,1,1,
1,41,12,0,0,1,0,-12,8950.3916015625,0,8307.39453125,0,,8950.3916015625,1,4,0,0,,0,0,0,1,,
0,37,11,1,0,0,1,-15,0,0,0,0,0,0,1,2,1,1,0,1,0,0,1,1,1
0,32,9,1,0,0,1,-10,0,0,,,7192.9765625,0,1,3,1,1,7192.9765625,1,0,0,1,1,
0,44,8,1,0,1,0,-17,0,,,,,0,1,5,1,1,,0,0,0,1,1,1
1,31,10,1,0,0,1,-14,0,1439.64599609375,719.822998046875,0,0,0,1,3,1,1,0,1,0,0,1,1,1
1,38,10,1,0,1,0,-17,0,4474.28564453125,9057.5478515625,,7594.63427734375,0,1,5,1,1,7594.63427734375,1,0,0,1,1,1
1,45,12,0,0,1,0,-5,0,796.15869140625,4897.361328125,11558.328125,8257.7919921875,0,1,4,1,1,8257.7919921875,1,0,0,1,1,
1,40,11,1,0,1,0,-20,0,,,,,0,1,2,1,1,,0,0,0,1,1,1
0,29,12,0,0,0,0,-12,0,0,0,,6285.6962890625,0,1,2,1,1,6285.6962890625,1,0,0,1,1,
0,27,11,1,0,1,0,-6,0,0,0,0,0,0,1,2,1,1,0,1,0,0,1,1,
1,31,8,1,0,1,0,-18,282.152465820312,,,,,564.304931640625,1,2,0,0,,0,0,0,1,1,1
1,30,11,1,0,1,0,-16,0,3022.96313476562,2593.37182617188,,0,0,1,3,1,1,0,1,0,0,1,1,1
0,33,12,0,0,1,0,-5,0,0,0,2080.80004882812,0,0,1,2,1,1,0,1,0,0,1,1,
1,29,12,0,0,1,0,-8,0,0,,,,0,1,1,1,1,,0,0,0,1,1,
0,40,12,0,0,1,0,-15,0,1835.54614257812,7905.9384765625,8557.609375,8032.42919921875,0,1,1,1,1,8032.42919921875,1,0,0,1,1,1
1,31,11,1,0,1,0,-8,0,0,5472.7001953125,,,0,1,1,1,1,,0,0,0,1,1,
0,36,12,0,0,1,0,-13,0,0,0,,0,0,1,1,1,1,0,1,0,0,1,1,1
1,34,12,0,0,1,0,-11,0,6188.08740234375,1862.40747070312,742.9619140625,1281.85107421875,0,1,1,1,1,1281.85107421875,1,0,0,1,1,
0,24,11,1,0,1,0,-19,1556.42810058594,0,,,4902.98193359375,3735.42724609375,1,1,0,0,3346.5537109375,1,0,0,1,1,1
0,51,8,1,0,1,0,-18,0,0,0,,0,0,1,1,1,1,0,1,0,0,1,1,1
1,29,10,1,0,1,0,-11,0,0,7150.13671875,1158.185546875,,0,1,4,1,1,,0,0,0,1,1,
0,37,4,1,0,0,1,-14,0,,,,,0,1,2,1,1,,0,0,0,1,1,1
1,46,11,1,0,1,0,-11,0,0,3988.3955078125,0,0,0,1,1,1,1,0,1,0,0,1,1,
1,29,10,1,0,1,0,-5,3574.99755859375,2789.5654296875,2970.85791015625,9929.654296875,11698.591796875,3574.99755859375,1,1,0,0,8123.59423828125,1,0,0,1,,
1,50,10,1,0,1,0,-21,0,8136.47998046875,10917.326171875,,11455.0732421875,0,1,2,1,1,11455.0732421875,1,0,0,1,1,1
1,32,11,1,0,1,0,-5,4685.033203125,2845.5869140625,3567.21118164062,6244.8740234375,979.402282714844,4685.033203125,1,1,0,0,-3705.630859375,1,0,0,1,,
0,45,4,1,0,1,0,-15,0,0,3322.23950195312,7592.2705078125,7436.78515625,0,1,1,1,1,7436.78515625,1,0,0,1,1,1
1,50,1,1,1,1,0,-19,0,5706.73876953125,1120.36999511719,,0,0,1,5,1,1,0,1,0,0,1,1,1
1,32,10,1,0,1,0,-17,0,4005.23217773438,7182.66796875,,0,0,1,3,1,1,0,1,0,0,1,1,1
1,28,11,1,0,1,0,-9,0,0,6489.34423828125,2681.05004882812,,0,1,2,1,1,,0,0,0,1,1,
0,24,8,1,0,1,0,-7,0,0,4153.3251953125,14408.255859375,8710.9375,0,1,2,1,1,8710.9375,1,0,0,1,1,
1,30,15,0,0,0,1,-9,6645.1455078125,1661.28637695312,346.251037597656,0,0,6645.1455078125,1,3,0,0,-6645.1455078125,1,0,0,1,,
0,27,7,1,0,1,0,-19,0,0,,,,0,1,4,1,1,,0,0,0,1,1,1
0,41,12,0,0,1,0,-19,0,0,,,,0,1,2,1,1,,0,0,0,1,1,1
0,44,12,0,0,1,0,-20,0,0,0,,0,0,1,2,1,1,0,1,0,0,1,1,1
1,28,8,1,0,1,0,-20,0,7080.736328125,17190.919921875,,3080.0654296875,0,1,3,1,1,3080.0654296875,1,0,0,1,1,1
0,43,12,0,0,1,0,-17,0,1087.21472167969,1636.26672363281,,6602.75927734375,0,1,0,1,1,6602.75927734375,1,0,0,1,1,1
1,46,11,1,0,0,0,-8,0,0,5276.0927734375,4852.3662109375,9634.1435546875,0,1,2,1,1,9634.1435546875,1,0,0,1,1,
0,41,13,0,0,1,0,-16,1429.89758300781,5758.046875,16100.1396484375,,0,2144.84643554688,1,2,0,0,-1429.89758300781,1,0,0,1,1,1
0,40,10,1,0,1,0,-12,468.072021484375,0,0,0,0,468.072021484375,1,1,0,0,-468.072021484375,1,0,0,1,,
0,35,8,1,0,0,1,-12,0,0,0,0,,0,1,2,1,1,,0,0,0,1,1,
0,27,11,1,0,1,0,-6,2608.94409179688,2127.38159179688,,,,2608.94409179688,1,3,0,0,,0,0,0,1,,
1,39,9,1,0,1,0,-9,0,0,6321.48388671875,350.829406738281,0,0,1,0,1,1,0,1,0,0,1,1,
1,29,11,1,0,1,0,-8,0,0,5438.5439453125,2597.9912109375,1532.5703125,0,1,2,1,1,1532.5703125,1,0,0,1,1,
0,-1,11,1,-1,1,0,,,,,,,,1,-1,0,0,,0,0,0,1,,
0,54,12,0,0,0,0,-12,0,0,0,4604.4775390625,3949.02221679688,0,1,2,1,1,3949.02221679688,1,0,0,1,1,
0,48,8,1,0,1,0,-16,0,0,0,,101.76131439209,0,1,2,1,1,101.76131439209,1,0,0,1,1,1
1,26,12,0,0,0,1,-11,0,0,0,0,0,0,1,1,1,1,0,1,0,0,1,1,
0,37,11,1,0,0,1,-14,0,0,7088.44482421875,10607.255859375,,0,1,4,1,1,,0,0,0,1,1,1
0,31,11,1,0,1,0,-5,0,0,3654.96948242188,7395.40185546875,358.37353515625,0,1,3,1,1,358.37353515625,1,0,0,1,1,
1,36,12,0,0,1,0,-10,0,0,9100.1171875,9239.775390625,18070.6171875,0,1,5,1,1,18070.6171875,1,0,0,1,1,
1,26,11,1,0,1,0,-7,0,0,5898.9365234375,10516.267578125,,0,1,1,1,1,,0,0,0,1,1,
0,20,12,0,0,1,0,-9,229.070007324219,57.2675018310547,0,0,0,229.070007324219,1,1,0,0,-229.070007324219,1,0,0,1,,
1,25,12,0,0,1,0,-5,0,0,3409.404296875,6302.10986328125,0,0,1,2,1,1,0,1,0,0,1,1,
0,35,10,1,0,1,0,-10,0,0,0,0,,0,1,3,1,1,,0,0,0,1,1,
1,23,6,1,0,1,0,-13,0,0,3116.3720703125,1496.76123046875,0,0,1,2,1,1,0,1,0,0,1,1,1
0,32,12,0,0,1,0,-13,0,0,7468.93212890625,10126.65234375,10651.005859375,0,1,1,1,1,10651.005859375,1,0,0,1,1,1
0,32,8,1,0,1,0,-7,0,250.475936889648,342.671722412109,0,0,0,1,1,1,1,0,1,0,0,1,1,
1,28,10,1,0,1,0,-11,0,0,,,2558.96752929688,0,1,1,1,1,2558.96752929688,1,0,0,1,1,
0,37,12,0,0,1,0,-20,0,0,0,,,0,1,3,1,1,,0,0,0,1,1,1
0,27,8,1,0,1,0,-9,0,0,6151.935546875,,,0,1,2,1,1,,0,0,0,1,1,
0,41,0,1,0,0,1,-11,0,0,0,0,9682.833984375,0,1,2,1,1,9682.833984375,1,0,0,1,1,
0,27,14,0,0,1,0,-16,1438.49328613281,6780.712890625,24540.1484375,,,1970.1787109375,1,1,0,0,,0,0,0,1,1,1
0,30,8,1,0,1,0,-19,0,0,0,,0,0,1,3,1,1,0,1,0,0,1,1,1
0,27,9,1,0,0,1,-7,0,0,1470.83581542969,4417.49267578125,2613.06103515625,0,1,4,1,1,2613.06103515625,1,0,0,1,1,
1,35,12,0,0,1,0,-9,855.363891601562,213.840972900391,7625.94580078125,12221.72265625,,855.363891601562,1,3,0,0,,0,0,0,1,,
0,24,11,1,0,1,0,-5,1505.19641113281,878.03125,607.572326660156,2782.17504882812,,1505.19641113281,1,1,0,0,,0,0,0,1,,
0,28,11,1,0,1,0,-14,0,0,0,0,705.496215820312,0,1,2,1,1,705.496215820312,1,0,0,1,1,1
0,35,6,1,0,0,1,-9,0,0,2227.78076171875,4173.73388671875,9682.833984375,0,1,1,1,1,9682.833984375,1,0,0,1,1,
0,33,9,1,0,1,0,-8,0,1670.85314941406,0,0,2393.6015625,0,1,2,1,1,2393.6015625,1,0,0,1,1,
0,24,10,1,0,1,0,-5,0,0,0,0,0,0,1,1,1,1,0,1,0,0,1,1,
1,35,8,1,0,1,0,-8,0,0,3691.93139648438,7438.04150390625,9898.1015625,0,1,2,1,1,9898.1015625,1,0,0,1,1,
0,31,7,1,0,1,0,-16,600.22021484375,2389.5322265625,192.463455200195,,,0,1,5,1,0,,0,0,0,1,1,1
1,42,9,1,0,1,0,-15,0,3325.59130859375,10984.2666015625,0,0,0,1,3,1,1,0,1,0,0,1,1,1
0,41,10,1,1,1,0,-20,1641.40258789062,735.353942871094,1648.83154296875,,0,0,1,2,1,0,-1641.40258789062,1,0,0,1,1,1
0,36,8,1,0,1,0,-17,0,0,0,,0,0,1,1,1,1,0,1,0,0,1,1,1
1,32,12,0,0,0,1,-12,347.111968994141,0,3530.525390625,0,,347.111968994141,1,2,0,0,,0,0,0,1,,
1,35,12,0,0,1,0,-12,0,0,10820.8466796875,8739.2099609375,2361.46557617188,0,1,3,1,1,2361.46557617188,1,0,0,1,1,
0,37,12,0,0,1,0,-16,0,0,0,,0,0,1,2,1,1,0,1,0,0,1,1,1
0,38,11,1,0,1,0,-13,0,0,0,,0,0,1,4,1,1,0,1,0,0,1,1,1
1,27,8,1,0,0,1,-22,0,8990.013671875,4359.26904296875,,0,0,1,2,1,1,0,1,0,0,1,1,1
1,33,12,0,0,1,0,-19,761.301330566406,2324.91528320312,8177.1494140625,,7343.6982421875,1827.12329101562,1,1,0,0,6582.39697265625,1,0,0,1,1,1
0,42,9,1,0,1,0,-19,0,0,557.719299316406,,10089.6787109375,0,1,2,1,1,10089.6787109375,1,0,0,1,1,1
0,25,12,0,0,1,0,-15,0,0,0,0,0,0,1,1,1,1,0,1,0,0,1,1,1
0,34,10,1,0,1,0,-17,0,547.245239257812,0,,11884.8701171875,0,1,2,1,1,11884.8701171875,1,0,0,1,1,1
1,32,12,0,0,1,0,-9,0,0,6245.96533203125,9814.7734375,2794.26782226562,0,1,1,1,1,2794.26782226562,1,0,0,1,1,
1,50,11,1,0,0,1,-8,0,0,5201.21044921875,3031.90600585938,0,0,1,2,1,1,0,1,0,0,1,1,
0,53,10,1,0,1,0,-20,0,0,,,7982.328125,0,1,2,1,1,7982.328125,1,0,0,1,1,1
1,29,9,1,0,0,1,-22,0,9494.064453125,7918.41015625,,,0,1,3,1,1,,0,0,0,1,1,1
1,28,11,1,0,1,0,-22,0,8920.5810546875,9605.6162109375,,10008.3125,0,1,2,1,1,10008.3125,1,0,0,1,1,1
0,37,11,1,0,1,0,-16,0,0,2154.83374023438,,0,0,1,6,1,1,0,1,0,0,1,1,1
0,29,11,1,0,1,0,-7,0,0,0,0,5535.6689453125,0,1,3,1,1,5535.6689453125,1,0,0,1,1,
0,48,12,0,0,1,0,-7,0,0,808.660522460938,1099.06262207031,0,0,1,2,1,1,0,1,0,0,1,1,
0,32,12,0,0,1,0,-11,0,0,4157.2138671875,21169.435546875,15689.8046875,0,1,2,1,1,15689.8046875,1,0,0,1,1,
0,32,10,1,0,1,0,-22,3868.43432617188,0,0,,,9580.2900390625,1,3,0,0,,0,0,0,1,1,1
0,50,7,1,0,0,1,-19,0,,,,,0,1,2,1,1,,0,0,0,1,1,1
0,36,12,0,0,1,0,-13,0,0,0,,1233.39440917969,0,1,4,1,1,1233.39440917969,1,0,0,1,1,1
0,31,8,1,0,1,0,-20,0,1985.42785644531,,,,0,1,3,1,1,,0,0,0,1,1,1
0,28,12,0,0,0,1,-9,0,0,0,2099.47045898438,10028.5419921875,0,1,1,1,1,10028.5419921875,1,0,0,1,1,
1,40,10,1,0,0,1,-11,0,0,8723.658203125,9079.3359375,9771.66796875,0,1,3,1,1,9771.66796875,1,0,0,1,1,
0,46,8,1,0,1,0,-16,0,0,0,,0,0,1,1,1,1,0,1,0,0,1,1,1
1,27,9,1,0,1,0,-11,0,0,10442.134765625,15530.48046875,16114.96875,0,1,2,1,1,16114.96875,1,0,0,1,1,
1,27,8,1,0,1,0,-5,0,0,2959.60986328125,5306.8955078125,,0,1,1,1,1,,0,0,0,1,1,
0,27,11,1,0,1,0,-18,0,0,,,,0,1,1,1,1,,0,0,0,1,1,1
0,35,12,0,0,1,0,-11,2283.37451171875,190.281204223633,2448.66088867188,0,10274.8359375,2283.37451171875,1,6,0,0,7991.46142578125,1,0,0,1,,
0,31,12,0,0,0,0,-13,0,0,0,,,0,1,1,1,1,,0,0,0,1,1,1
0,35,12,0,0,1,0,-11,0,0,0,0,,0,1,4,1,1,,0,0,0,1,1,
0,25,7,1,0,1,0,-12,0,0,0,0,0,0,1,2,1,1,0,1,0,0,1,1,
1,54,11,1,0,1,0,-13,0,681.118225097656,8016.3291015625,,0,0,1,1,1,1,0,1,0,0,1,1,1
0,47,12,0,0,1,0,-16,0,,,,,0,1,0,1,1,,0,0,0,1,1,1
0,36,10,1,0,1,0,-11,2978.67260742188,1862.57934570312,3475.42578125,8841.8515625,2106.88012695312,2978.67260742188,1,1,0,0,-871.79248046875,1,0,0,1,,
0,29,11,1,0,1,0,-8,2768.72241210938,922.907470703125,2378.11450195312,,,2768.72241210938,1,3,0,0,,0,0,0,1,,
1,24,11,1,0,1,0,-15,0,3267.54736328125,4056.27978515625,1932.466796875,3658.60546875,0,1,1,1,1,3658.60546875,1,0,0,1,1,1
1,22,12,0,0,1,0,-20,0,5000.46923828125,6228.6689453125,,0,0,1,1,1,1,0,1,0,0,1,1,1
0,30,12,0,1,1,0,-8,4582.880859375,2299.22143554688,781.794372558594,0,,4582.880859375,1,3,0,0,,0,0,0,1,,
0,24,11,1,0,1,0,-20,0,0,,,0,0,1,1,1,1,0,1,0,0,1,1,1
0,33,7,1,0,1,0,-11,0,0,0,0,0,0,1,4,1,1,0,1,0,0,1,1,
0,42,6,1,1,0,1,-7,0,0,0,0,576.760314941406,0,1,1,1,1,576.760314941406,1,0,0,1,1,
1,23,10,1,0,1,0,-5,0,0,3362.50854492188,5594.39697265625,0,0,1,1,1,1,0,1,0,0,1,1,
1,20,8,1,0,1,0,-14,261.457977294922,0,0,,,313.749572753906,1,1,0,0,,0,0,0,1,1,1
1,29,9,1,0,1,0,-10,7767.25634765625,1294.54272460938,6888.64697265625,7546.02734375,7982.5849609375,7767.25634765625,1,2,0,0,215.32861328125,1,0,0,1,,
0,27,9,1,0,1,0,-18,0,0,0,,2444.28979492188,0,1,3,1,1,2444.28979492188,1,0,0,1,1,1
1,32,11,1,0,1,0,-7,0,0,5613.50244140625,3967.2353515625,0,0,1,2,1,1,0,1,0,0,1,1,
1,35,10,1,0,1,0,-11,0,0,8373.9658203125,9643.3037109375,10803.8916015625,0,1,2,1,1,10803.8916015625,1,0,0,1,1,
1,39,8,1,0,1,0,-7,0,0,5946.58251953125,6466.66064453125,0,0,1,3,1,1,0,1,0,0,1,1,
0,26,10,1,0,1,0,-19,2075.27075195312,111.495040893555,0,,1921.3466796875,4287.724609375,1,1,0,0,-153.924072265625,1,0,0,1,1,1
0,29,8,1,0,1,0,-5,9031.38671875,5268.30859375,1928.13220214844,4090.39086914062,8520.177734375,9031.38671875,1,3,0,0,-511.208984375,1,0,0,1,,
1,27,12,0,0,0,1,-16,0,3325.0380859375,12276.91015625,,15296.6416015625,0,1,2,1,1,15296.6416015625,1,0,0,1,1,1
1,36,12,0,0,0,0,-15,0,3023.29663085938,10738.5390625,2024.67993164062,0,0,1,5,1,1,0,1,0,0,1,1,1
1,26,11,1,0,1,0,-15,0,0,8806.46484375,7301.57666015625,0,0,1,2,1,1,0,1,0,0,1,1,1
1,31,11,1,0,1,0,-15,1184.07775878906,2197.16381835938,,,26837.82421875,1578.77026367188,1,2,0,0,25653.74609375,1,0,0,1,1,1
1,33,9,1,0,0,1,-15,888.140197753906,1259.7109375,6259.9287109375,0,0,1184.18688964844,1,1,0,0,-888.140197753906,1,0,0,1,1,1
0,35,9,1,0,1,0,-15,0,0,1086.73156738281,,0,0,1,4,1,1,0,1,0,0,1,1,1
1,35,11,1,0,1,0,-8,3800.09375,1506.56274414062,6431.4794921875,10041.333984375,11120.29296875,3800.09375,1,4,0,0,7320.19921875,1,0,0,1,,
0,34,12,0,0,1,0,-19,1976.01025390625,1544.16589355469,7565.6826171875,,7677.0625,4742.4248046875,1,2,0,0,5701.05224609375,1,0,0,1,1,1
1,24,9,1,0,1,0,-11,0,0,,0,,0,1,1,1,1,,0,0,0,1,1,
1,34,10,1,0,0,1,-15,0,2195.4990234375,10213.5419921875,9756.669921875,8875.314453125,0,1,2,1,1,8875.314453125,1,0,0,1,1,1
1,25,11,1,0,1,0,-19,0,5649.3974609375,4636.96337890625,,0,0,1,1,1,1,0,1,0,0,1,1,1
1,38,6,1,0,1,0,-6,0,0,2381.04028320312,0,,0,1,1,1,1,,0,0,0,1,1,
0,28,8,1,0,1,0,-11,0,0,0,0,,0,1,6,1,1,,0,0,0,1,1,
1,36,11,1,0,1,0,-9,916.49169921875,543.709899902344,6621.44140625,0,0,916.49169921875,1,3,0,0,-916.49169921875,1,0,0,1,,
0,38,10,1,0,1,0,-10,0,0,0,0,0,0,1,3,1,1,0,1,0,0,1,1,
1,36,9,1,0,0,1,-5,0,0,1564.41186523438,0,,0,1,1,1,1,,0,0,0,1,1,
0,40,10,1,0,1,0,-16,115.033409118652,230.066818237305,2378.65478515625,,,0,1,4,1,0,,0,0,0,1,1,1
1,27,10,1,0,1,0,-11,0,0,7485.90966796875,1158.185546875,0,0,1,1,1,1,0,1,0,0,1,1,
0,35,10,1,0,1,0,-12,0,0,0,0,0,0,1,4,1,1,0,1,0,0,1,1,
1,47,7,1,0,1,0,-13,0,824.499328613281,8791.529296875,,,0,1,1,1,1,,0,0,0,1,1,1
1,37,10,1,0,1,0,-12,0,1291.7958984375,9564.0478515625,384.279174804688,3123.70971679688,0,1,2,1,1,3123.70971679688,1,0,0,1,1,
0,31,11,1,1,1,0,-16,0,0,6684.8916015625,,13341.859375,0,1,1,1,1,13341.859375,1,0,0,1,1,1
1,40,13,0,0,1,0,-6,0,0,3969.220703125,4707.15625,0,0,1,1,1,1,0,1,0,0,1,1,
1,39,3,1,0,0,1,-8,7378.2548828125,2859.6376953125,5529.705078125,3673.5986328125,4404.189453125,7378.2548828125,1,2,0,0,-2974.0654296875,1,0,0,1,,
0,29,11,1,0,1,0,-9,0,0,0,0,0,0,1,2,1,1,0,1,0,0,1,1,
0,41,10,1,0,1,0,-20,0,0,0,,0,0,1,3,1,1,0,1,0,0,1,1,1
1,30,9,1,0,0,1,-11,0,0,8219.826171875,6833.775390625,1081.45080566406,0,1,4,1,1,1081.45080566406,1,0,0,1,1,
1,34,12,0,0,1,0,-11,0,0,8464.89453125,9598.2001953125,,0,1,2,1,1,,0,0,0,1,1,
1,38,12,0,0,1,0,-15,0,2569.80444335938,6543.63232421875,8999.685546875,10008.3125,0,1,4,1,1,10008.3125,1,0,0,1,1,1
0,30,11,1,0,1,0,-13,0,,,,,0,1,3,1,1,,0,0,0,1,1,1
0,36,10,1,0,1,0,-5,0,0,0,1215.07458496094,,0,1,2,1,1,,0,0,0,1,1,
0,30,8,1,0,1,0,-16,0,0,3083.962890625,,,0,1,3,1,1,,0,0,0,1,1,1
0,32,12,0,0,1,0,-11,0,0,649.431579589844,10627.0078125,7621.08984375,0,1,1,1,1,7621.08984375,1,0,0,1,1,
0,28,11,1,0,1,0,-13,0,0,0,0,11480.958984375,0,1,1,1,1,11480.958984375,1,0,0,1,1,1
1,25,12,0,0,1,0,-7,0,0,4810.9267578125,,,0,1,1,1,1,,0,0,0,1,1,
0,35,12,0,0,1,0,-20,0,,,,488.459869384766,0,1,4,1,1,488.459869384766,1,0,0,1,1,1
1,34,11,1,0,1,0,-20,0,7558.736328125,12194.70703125,,13271.005859375,0,1,3,1,1,13271.005859375,1,0,0,1,1,1
0,39,10,1,0,0,0,-9,0,0,,,12661.173828125,0,1,1,1,1,12661.173828125,1,0,0,1,1,
1,35,12,0,0,0,1,-5,206.95930480957,120.726257324219,1944.83972167969,2895.00122070312,0,206.95930480957,1,2,0,0,-206.95930480957,1,0,0,1,,
0,45,12,0,0,1,0,-7,0,0,748.463806152344,1496.92761230469,0,0,1,4,1,1,0,1,0,0,1,1,
0,23,8,1,0,0,1,-9,0,0,0,0,0,0,1,1,1,1,0,1,0,0,1,1,
1,30,12,0,0,1,0,-13,0,824.499328613281,8791.529296875,,,0,1,2,1,1,,0,0,0,1,1,1
0,34,8,1,0,1,0,-5,0,0,0,0,,0,1,5,1,1,,0,0,0,1,1,
1,25,12,0,0,1,0,-5,0,0,3312.04467773438,4957.94287109375,,0,1,1,1,1,,0,0,0,1,1,
0,36,10,1,0,1,0,-14,0,0,0,0,,0,1,1,1,1,,0,0,0,1,1,1
1,42,12,0,0,1,0,-5,5486.60986328125,3200.5224609375,0,0,5100.65380859375,5486.60986328125,1,1,0,0,-385.9560546875,1,0,0,1,,
1,46,12,0,0,1,0,-15,2262.912109375,4527.326171875,8483.0654296875,0,6947.56396484375,2287.83618164062,1,0,0,0,4684.65185546875,1,0,0,1,1,1
0,49,8,1,0,0,1,-12,0,0,4521.9169921875,10910.7236328125,25590.154296875,0,1,3,1,1,25590.154296875,1,0,0,1,1,
1,36,11,1,0,1,0,-5,0,0,3272.494140625,5087.044921875,0,0,1,3,1,1,0,1,0,0,1,1,
1,28,9,1,0,1,0,-5,0,0,,,0,0,1,2,1,1,0,1,0,0,1,1,
1,31,10,1,0,1,0,-16,0,1377.09509277344,4382.166015625,,0,0,1,1,1,1,0,1,0,0,1,1,1
0,28,11,1,0,1,0,-12,352.921264648438,7686.9482421875,0,,0,352.921264648438,1,1,0,0,-352.921264648438,1,0,0,1,,
1,38,12,0,1,1,0,-18,0,5212.7236328125,2544.8486328125,,0,0,1,5,1,1,0,1,0,0,1,1,1
0,34,12,0,0,0,1,-5,0,0,0,0,7074.404296875,0,1,2,1,1,7074.404296875,1,0,0,1,1,
0,36,9,1,0,1,0,-11,0,0,,,,0,1,0,1,1,,0,0,0,1,1,
1,34,12,0,0,1,0,-16,0,2908.30639648438,6836.0380859375,,0,0,1,3,1,1,0,1,0,0,1,1,1
1,26,10,1,0,1,0,-13,4003.9560546875,882.995056152344,9630.8544921875,768.527526855469,7464.3271484375,4367.9521484375,1,3,0,0,3460.37109375,1,0,0,1,1,1
1,22,8,1,0,1,0,-14,0,1433.91052246094,9625.2587890625,10342.3623046875,,0,1,1,1,1,,0,0,0,1,1,1
0,36,11,1,0,1,0,-7,0,0,0,,9730.3564453125,0,1,2,1,1,9730.3564453125,1,0,0,1,1,
0,45,11,1,0,1,0,-11,2927.43627929688,243.953018188477,,7688.87744140625,10147.369140625,2927.43627929688,1,2,0,0,7219.9326171875,1,0,0,1,,
1,35,11,1,0,1,0,-8,0,0,5858.2001953125,9046.3671875,6985.48828125,0,1,5,1,1,6985.48828125,1,0,0,1,1,
1,27,12,0,0,1,0,-14,0,1362.23645019531,9132.8916015625,4104.0810546875,5028.845703125,0,1,2,1,1,5028.845703125,1,0,0,1,1,1
1,28,10,1,0,1,0,-15,4884.525390625,,,,0,6512.7001953125,1,3,0,0,-4884.525390625,1,0,0,1,1,1
1,35,11,1,0,1,0,-15,0,2231.4794921875,17401.162109375,15912.17578125,18122.00390625,0,1,4,1,1,18122.00390625,1,0,0,1,1,1
0,27,12,0,0,1,0,-14,0,0,0,0,0,0,1,1,1,1,0,1,0,0,1,1,1
1,35,11,1,0,1,0,-7,0,0,4279.7421875,4052.4775390625,5658.11865234375,0,1,2,1,1,5658.11865234375,1,0,0,1,1,
0,35,12,0,0,1,0,-10,0,0,0,0,0,0,1,1,1,1,0,1,0,0,1,1,
1,40,7,1,0,0,0,-15,0,2656.16723632812,8702.818359375,5981.767578125,,0,1,1,1,1,,0,0,0,1,1,1
0,48,12,0,1,1,0,-15,5420.4658203125,1960.50842285156,2977.25,4884.2666015625,5907.63037109375,5111.43798828125,1,4,0,0,487.16455078125,1,0,0,1,1,1
0,20,12,0,0,1,0,-11,0,0,0,0,0,0,1,2,1,1,0,1,0,0,1,1,
0,23,11,1,0,1,0,-5,0,0,0,0,0,0,1,1,1,1,0,1,0,0,1,1,
0,23,12,0,0,1,0,-13,5405.39990234375,1903.87841796875,1424.18347167969,0,0,5896.7998046875,1,2,0,0,-5405.39990234375,1,0,0,1,1,1
0,42,12,0,0,1,0,-7,0,0,,,,0,1,1,1,1,,0,0,0,1,1,
1,49,12,0,0,1,0,-16,0,1377.04284667969,7415.87255859375,,0,0,1,2,1,1,0,1,0,0,1,1,1
0,31,10,1,0,1,0,-14,0,1007.74884033203,8184.5595703125,,8257.9990234375,0,1,3,1,1,8257.9990234375,1,0,0,1,1,1
1,27,11,1,0,0,1,-14,0,911.76806640625,6965.17138671875,2827.23876953125,,0,1,3,1,1,,0,0,0,1,1,1
0,53,7,1,0,1,0,-13,1595.22937011719,1086.86987304688,4392.62109375,,4072.74047851562,1600.68774414062,1,2,0,0,2477.51123046875,1,0,0,1,1,1
0,30,11,1,0,1,0,-13,1362.02099609375,402.87109375,,,7452.92431640625,1404,1,3,0,0,6090.9033203125,1,0,0,1,1,1
0,39,8,1,0,1,0,-13,0,0,0,,,0,1,4,1,1,,0,0,0,1,1,1
0,35,11,1,1,1,0,-8,3328.8701171875,4543.70166015625,,,1015.07250976562,3328.8701171875,1,3,0,0,-2313.79760742188,1,0,0,1,,
1,28,12,0,0,1,0,-12,0,0,10147.9462890625,15065.134765625,11467.857421875,0,1,1,1,1,11467.857421875,1,0,0,1,1,
1,30,11,1,0,1,0,-13,0,,,,,0,1,3,1,1,,0,0,0,1,1,1
0,29,10,1,0,1,0,-12,0,0,0,0,,0,1,1,1,1,,0,0,0,1,1,
0,39,8,1,0,0,1,-11,10934.5205078125,911.210021972656,140.283782958984,0,0,10934.5205078125,1,4,0,0,-10934.5205078125,1,0,0,1,,
0,22,11,1,0,0,0,-15,0,0,0,4282.90234375,10425.3251953125,0,1,1,1,1,10425.3251953125,1,0,0,1,1,1
1,30,8,1,0,0,1,-14,0,0,0,0,0,0,1,4,1,1,0,1,0,0,1,1,1
0,39,11,1,0,1,0,-11,0,0,303.786163330078,7497.2646484375,0,0,1,2,1,1,0,1,0,0,1,1,
0,33,11,1,0,1,0,-19,3696.18017578125,0,143.684448242188,,4919.10888671875,6090.3359375,1,3,0,0,1222.9287109375,1,0,0,1,1,1
1,33,10,1,0,1,0,-20,0,,,,0,0,1,3,1,1,0,1,0,0,1,1,1
1,21,12,0,0,1,0,-13,378.971984863281,719.2236328125,8200.5146484375,,9682.833984375,413.424011230469,1,1,0,0,9303.8623046875,1,0,0,1,1,1
0,31,11,1,0,1,0,-13,0,0,1098.04772949219,2187.80151367188,3173.6083984375,0,1,2,1,1,3173.6083984375,1,0,0,1,1,1
1,42,10,1,0,0,1,-17,1017.12615966797,6813.134765625,13839.2001953125,,15846.494140625,287.977142333984,1,1,0,0,14829.3681640625,1,0,0,1,1,1
1,41,12,0,0,1,0,-6,0,0,4626.71630859375,5447.10986328125,7645.29150390625,0,1,3,1,1,7645.29150390625,1,0,0,1,1,
0,28,10,1,0,1,0,-5,0,0,0,0,0,0,1,1,1,1,0,1,0,0,1,1,
1,25,12,0,0,1,0,-7,4284.08837890625,1785.03674316406,5049.08984375,,6112.49658203125,4284.08837890625,1,2,0,0,1828.408203125,1,0,0,1,,
1,29,11,1,0,1,0,-13,0,631.389221191406,8851.6240234375,,,0,1,3,1,1,,0,0,0,1,1,1
1,42,12,0,0,1,0,-5,0,0,2970.85791015625,5135.8017578125,0,0,1,2,1,1,0,1,0,0,1,1,
0,30,11,1,0,1,0,-15,0,0,835.325439453125,0,0,0,1,5,1,1,0,1,0,0,1,1,1
0,31,9,1,0,0,1,-14,0,0,0,0,0,0,1,1,1,1,0,1,0,0,1,1,1
0,37,10,1,0,1,0,-13,0,,,,3977.87426757812,0,1,2,1,1,3977.87426757812,1,0,0,1,1,1
1,41,10,1,0,0,0,-8,0,0,5551.80078125,,,0,1,1,1,1,,0,0,0,1,1,
1,44,10,1,0,0,1,-12,0,0,9875.369140625,,10788.2607421875,0,1,5,1,1,10788.2607421875,1,0,0,1,1,
0,42,8,1,0,1,0,-13,0,0,1004.07995605469,3135.16748046875,4253.6103515625,0,1,1,1,1,4253.6103515625,1,0,0,1,1,1
1,30,7,1,0,0,1,-11,0,0,0,0,0,0,1,2,1,1,0,1,0,0,1,1,
0,28,12,0,0,1,0,-9,0,0,1893.1767578125,6103.80615234375,8201.2021484375,0,1,2,1,1,8201.2021484375,1,0,0,1,1,
0,25,10,1,0,1,0,-10,0,0,,,,0,1,2,1,1,,0,0,0,1,1,
0,31,12,0,0,1,0,-10,0,0,1884.74194335938,7557.62158203125,10564.3828125,0,1,4,1,1,10564.3828125,1,0,0,1,1,
1,34,8,1,0,1,0,-5,0,0,1128.04223632812,223.939804077148,0,0,1,1,1,1,0,1,0,0,1,1,
1,39,11,1,0,1,0,-7,0,0,4944.2587890625,10660.4248046875,,0,1,1,1,1,,0,0,0,1,1,
1,26,11,1,0,1,0,-10,0,0,7800.03466796875,7339.87841796875,8150.0234375,0,1,1,1,1,8150.0234375,1,0,0,1,1,
1,23,8,1,0,1,0,-17,0,,,,0,0,1,1,1,1,0,1,0,0,1,1,1
0,32,15,0,0,0,0,-11,0,0,0,0,0,0,1,2,1,1,0,1,0,0,1,1,
0,44,12,0,0,1,0,-11,0,0,0,0,,0,1,2,1,1,,0,0,0,1,1,
0,35,12,0,0,1,0,-9,2635.04541015625,658.761352539062,0,,0,2635.04541015625,1,4,0,0,-2635.04541015625,1,0,0,1,,
0,29,12,0,1,1,0,-10,0,260.581298828125,5612.77978515625,52586.04296875,10374.408203125,0,1,2,1,1,10374.408203125,1,0,0,1,1,
1,33,9,1,0,1,0,-7,5152.72998046875,5466.49609375,5283.4130859375,11553.8046875,10586.63671875,5152.72998046875,1,4,0,0,5433.90673828125,1,0,0,1,,
0,30,11,1,0,1,0,-14,1342.03381347656,180.602157592773,0,0,0,1176.99548339844,1,2,0,0,-1342.03381347656,1,0,0,1,1,1
0,29,10,1,1,1,0,-7,0,87.6145553588867,146.379592895508,0,0,0,1,2,1,1,0,1,0,0,1,1,
1,29,10,1,0,1,0,-19,1001.54455566406,3610.50073242188,5569.54638671875,,6635.58349609375,2403.70703125,1,4,0,0,5634.0390625,1,0,0,1,1,1
1,35,10,1,0,1,0,-11,0,0,9241.7783203125,9547.310546875,0,0,1,3,1,1,0,1,0,0,1,1,
1,26,12,0,0,0,0,-10,890.352294921875,2905.3857421875,6983.23388671875,0,0,890.352294921875,1,1,0,0,-890.352294921875,1,0,0,1,,
0,38,8,1,0,1,0,-14,0,121.87230682373,1455.21081542969,1350.662109375,,0,1,5,1,1,,0,0,0,1,1,1
0,28,9,1,0,1,0,-13,0,358.485870361328,7951.24853515625,,10181.9326171875,0,1,3,1,1,10181.9326171875,1,0,0,1,1,1
1,30,12,0,0,1,0,-14,0,1278.58374023438,1389.80285644531,0,0,0,1,2,1,1,0,1,0,0,1,1,1
1,36,12,0,0,1,0,-13,0,824.499328613281,8791.529296875,,0,0,1,3,1,1,0,1,0,0,1,1,1
1,20,11,1,0,1,0,-6,3296.55126953125,1648.27563476562,5820.6982421875,9944.052734375,11804.7646484375,3296.55126953125,1,1,0,0,8508.212890625,1,0,0,1,,
0,38,9,1,0,1,0,-9,11457.0966796875,3542.423828125,6491.22021484375,0,8567.1201171875,11457.0966796875,1,1,0,0,-2889.9765625,1,0,0,1,,
1,35,8,1,0,1,0,-10,0,0,,0,0,0,1,2,1,1,0,1,0,0,1,1,
1,43,11,1,0,1,0,-8,0,167.878845214844,6721.2607421875,3415.21020507812,0,0,1,3,1,1,0,1,0,0,1,1,
0,27,11,1,0,1,0,-9,7253.1083984375,3994.5087890625,2836.75659179688,13539.2841796875,11010.3359375,7253.1083984375,1,2,0,0,3757.2275390625,1,0,0,1,,
1,32,11,1,0,1,0,-16,2503.92041015625,5362.5087890625,5863.34521484375,,19252.044921875,1191.65454101562,1,4,0,0,16748.125,1,0,0,1,1,1
1,40,12,0,0,0,1,-11,0,0,7124.60107421875,1037.31762695312,1891.41845703125,0,1,2,1,1,1891.41845703125,1,0,0,1,1,
0,57,9,1,0,1,0,-19,2880.19506835938,3724.529296875,523.101440429688,,0,2436.08935546875,1,2,0,0,-2880.19506835938,1,0,0,1,1,1
1,40,12,0,0,1,0,-16,0,3253.30615234375,,,,0,1,1,1,1,,0,0,0,1,1,1
0,29,12,0,0,1,0,-12,0,0,3141.92431640625,0,0,0,1,1,1,1,0,1,0,0,1,1,
1,21,10,1,0,1,0,-14,3766.15356445312,1194.93078613281,6553.31787109375,2160.642578125,3488.18041992188,4519.38427734375,1,1,0,0,-277.97314453125,1,0,0,1,1,1
1,36,12,0,0,1,0,-10,1565.8212890625,1242.5546875,6825.9267578125,1603.86193847656,0,1565.8212890625,1,1,0,0,-1565.8212890625,1,0,0,1,,
1,35,12,0,0,1,0,-9,0,0,5861.79052734375,11117.888671875,,0,1,1,1,1,,0,0,0,1,1,
1,28,11,1,0,1,0,-8,0,0,1968.89624023438,0,0,0,1,1,1,1,0,1,0,0,1,1,
0,36,11,1,0,1,0,-5,0,0,0,0,540.725402832031,0,1,1,1,1,540.725402832031,1,0,0,1,1,
1,34,9,1,0,1,0,-17,0,4329.98095703125,11624.8212890625,,20957.220703125,0,1,4,1,1,20957.220703125,1,0,0,1,1,1
1,38,11,1,0,1,0,-17,0,4177.96044921875,1175.31616210938,,0,0,1,1,1,1,0,1,0,0,1,1,1
1,47,9,1,0,1,0,-19,0,6291.23974609375,1765.99011230469,,0,0,1,3,1,1,0,1,0,0,1,1,1
1,34,10,1,0,1,0,-19,0,4488.49169921875,,,11120.29296875,0,1,6,1,1,11120.29296875,1,0,0,1,1,1
0,43,16,0,0,1,0,-15,0,0,6411.837890625,9981.7958984375,10147.369140625,0,1,1,1,1,10147.369140625,1,0,0,1,1,1
1,20,11,1,0,1,0,-10,1918.85913085938,319.809844970703,3332.06201171875,10388.3837890625,,1918.85913085938,1,1,0,0,,0,0,0,1,,
1,33,12,0,0,1,0,-17,2519.80004882812,0,1028.79711914062,,0,4319.6572265625,1,2,0,0,-2519.80004882812,1,0,0,1,1,1
0,35,11,1,0,1,0,-7,0,0,,,,0,1,4,1,1,,0,0,0,1,1,
1,38,9,1,0,1,0,-8,0,0,7085.53271484375,10728.8154296875,11065.982421875,0,1,5,1,1,11065.982421875,1,0,0,1,1,
0,23,11,1,0,1,0,-10,0,0,0,0,,0,1,2,1,1,,0,0,0,1,1,
1,32,11,1,0,0,0,-11,6171.2421875,1880.7119140625,,,3348.58154296875,6171.2421875,1,3,0,0,-2822.66064453125,1,0,0,1,,
0,36,12,0,0,1,0,-11,4049.791015625,839.766296386719,1074.95446777344,537.477233886719,5314.05615234375,4049.791015625,1,1,0,0,1264.26513671875,1,0,0,1,,
0,36,12,0,0,1,0,-22,887.059631347656,,154.27311706543,,0,5322.35791015625,1,4,0,0,-887.059631347656,1,0,0,1,1,1
0,48,5,1,0,1,0,-14,0,0,0,0,0,0,1,3,1,1,0,1,0,0,1,1,1
1,34,12,0,0,1,0,-9,0,0,7254.70263671875,10491.318359375,17375.486328125,0,1,1,1,1,17375.486328125,1,0,0,1,1,
1,29,11,1,0,0,1,-9,0,0,5812.017578125,6657.3857421875,,0,1,2,1,1,,0,0,0,1,1,
0,34,12,0,0,1,0,-8,0,723.386474609375,8394.3203125,13513.3984375,13345.5048828125,0,1,2,1,1,13345.5048828125,1,0,0,1,1,
1,25,11,1,0,1,0,-16,0,3325.0380859375,8009.32373046875,,9929.3916015625,0,1,1,1,1,9929.3916015625,1,0,0,1,1,1
0,38,10,1,0,1,0,-11,0,0,0,0,2302.708984375,0,1,2,1,1,2302.708984375,1,0,0,1,1,
1,24,8,1,0,0,1,-15,0,2491.93579101562,9946.6083984375,12190.4013671875,11851.7978515625,0,1,2,1,1,11851.7978515625,1,0,0,1,1,1
0,32,6,1,0,1,0,-15,0,503.151824951172,0,0,0,0,1,1,1,1,0,1,0,0,1,1,1
1,27,12,0,0,1,0,-5,0,401.019012451172,3774.732421875,6058.06103515625,1939.07299804688,0,1,1,1,1,1939.07299804688,1,0,0,1,1,
0,34,12,0,0,0,1,-11,0,0,0,0,0,0,1,1,1,1,0,1,0,0,1,1,
0,38,11,1,0,0,1,-5,0,0,0,3195.10498046875,10666.3671875,0,1,3,1,1,10666.3671875,1,0,0,1,1,
0,26,13,0,0,1,0,-13,0,0,0,,,0,1,1,1,1,,0,0,0,1,1,1
1,31,12,0,0,1,0,-10,6197.822265625,3350.51635742188,8580.85546875,9918.951171875,9198.5888671875,6197.822265625,1,1,0,0,3000.7666015625,1,0,0,1,,
0,26,12,0,0,1,0,-5,10772.328125,6283.8583984375,1287.70031738281,7499.11376953125,3803.896484375,10772.328125,1,1,0,0,-6968.431640625,1,0,0,1,,
0,28,9,1,0,1,0,-13,0,0,0,,,0,1,1,1,1,,0,0,0,1,1,1
0,39,11,1,0,1,0,-14,0,0,0,,,0,1,1,1,1,,0,0,0,1,1,1
0,37,12,0,1,0,0,-16,206.329483032227,903.144470214844,0,,,0,1,2,1,0,,0,0,0,1,1,1
1,46,12,0,0,1,0,-20,,,3035.28540039062,,0,,1,1,0,0,,0,0,0,1,1,1
0,41,12,0,0,1,0,-20,0,0,0,,0,0,1,4,1,1,0,1,0,0,1,1,1
0,33,9,1,0,1,0,-7,0,0,222.751770019531,3188.255859375,0,0,1,3,1,1,0,1,0,0,1,1,
0,30,11,1,0,1,0,-9,0,2603.98095703125,5410.25830078125,7899.34814453125,0,0,1,1,1,1,0,1,0,0,1,1,
1,29,11,1,0,1,0,-8,0,0,5748.65966796875,3398.23095703125,9726.8955078125,0,1,2,1,1,9726.8955078125,1,0,0,1,1,
0,22,12,0,0,1,0,-9,0,0,4402.82666015625,4915.19921875,5960.87158203125,0,1,1,1,1,5960.87158203125,1,0,0,1,1,
0,21,9,1,0,1,0,-8,91.1298446655273,30.376615524292,,,,91.1298446655273,1,2,0,0,,0,0,0,1,,
0,30,11,1,0,1,0,-19,1249.74621582031,4853.52197265625,8157.3349609375,,5537.30517578125,1949.00659179688,1,2,0,0,4287.55908203125,1,0,0,1,1,1
1,34,9,1,0,1,0,-15,0,2548.17651367188,0,0,0,0,1,3,1,1,0,1,0,0,1,1,1
1,33,8,1,0,1,0,-13,0,712.091735839844,7604.46337890625,0,0,0,1,1,1,1,0,1,0,0,1,1,1
1,28,12,0,0,1,0,-11,0,0,5298.9306640625,8165.751953125,10374.408203125,0,1,1,1,1,10374.408203125,1,0,0,1,1,
0,29,10,1,0,1,0,-9,0,0,8186.1904296875,12362.2001953125,2074.28686523438,0,1,2,1,1,2074.28686523438,1,0,0,1,1,
1,38,9,1,0,1,0,-14,5753.88623046875,3474.9775390625,10752.98828125,5150.14453125,5932.35693359375,6904.6630859375,1,4,0,0,178.470703125,1,0,0,1,1,1
1,34,12,0,0,1,0,-19,1167.29760742188,6342.0537109375,10685.24609375,,10855.953125,2801.51416015625,1,2,0,0,9688.6552734375,1,0,0,1,1,1
0,28,11,1,1,0,0,-15,0,,,,,0,1,2,1,1,,0,0,0,1,1,1
0,29,9,1,0,1,0,-21,0,,,,7333.669921875,0,1,2,1,1,7333.669921875,1,0,0,1,1,1
1,31,8,1,0,1,0,-7,2790.51049804688,1162.71264648438,5470.78515625,7266.462890625,0,2790.51049804688,1,4,0,0,-2790.51049804688,1,0,0,1,,
0,45,12,0,0,1,0,-14,0,0,7489.30322265625,8774.689453125,9452.2412109375,0,1,4,1,1,9452.2412109375,1,0,0,1,1,1
0,35,12,0,0,1,0,-13,2247.65112304688,716.955261230469,8452.275390625,,8707.30078125,2451.98315429688,1,1,0,0,6459.6494140625,1,0,0,1,1,1
1,35,12,0,1,1,0,-8,2242.04663085938,2593.88330078125,6331.515625,,,2242.04663085938,1,3,0,0,,0,0,0,1,,
1,32,10,1,0,1,0,-18,0,,,,0,0,1,1,1,1,0,1,0,0,1,1,1
0,33,12,0,0,1,0,-18,0,0,4359.83056640625,,,0,1,1,1,1,,0,0,0,1,1,1
1,21,8,1,0,1,0,-7,0,0,5898.9365234375,11711.57421875,9313.34375,0,1,1,1,1,9313.34375,1,0,0,1,1,
0,36,11,1,0,1,0,-7,0,0,0,0,0,0,1,3,1,1,0,1,0,0,1,1,
1,27,10,1,0,1,0,-5,0,0,782.205932617188,0,0,0,1,4,1,1,0,1,0,0,1,1,
1,27,12,0,0,1,0,-13,1312.54089355469,,,,,1431.86279296875,1,3,0,0,,0,0,0,1,1,1
0,32,12,0,0,1,0,-11,0,0,0,1693.88232421875,,0,1,1,1,1,,0,0,0,1,1,
1,25,9,1,1,0,1,-11,1157.17468261719,96.4312210083008,3569.42846679688,0,0,1157.17468261719,1,1,0,0,-1157.17468261719,1,0,0,1,,
0,32,7,1,0,0,0,-9,0,752.497741699219,982.677734375,6925.75048828125,4919.61865234375,0,1,1,1,1,4919.61865234375,1,0,0,1,1,
0,46,8,1,0,1,0,-12,5972.81103515625,0,0,,976.947998046875,5972.81103515625,1,2,0,0,-4995.86328125,1,0,0,1,,
1,25,13,0,0,1,0,-6,0,0,4053.9443359375,9379.748046875,807.48046875,0,1,2,1,1,807.48046875,1,0,0,1,1,
1,32,13,0,0,1,0,-7,3289.55639648438,3561.93701171875,6022.388671875,7292.36279296875,9731.3681640625,3289.55639648438,1,2,0,0,6441.8115234375,1,0,0,1,,
1,28,13,0,0,1,0,-15,2064.62036132812,3101.533203125,282.771820068359,0,0,1997.18151855469,1,3,0,0,-2064.62036132812,1,0,0,1,1,1
1,30,12,0,0,1,0,-13,0,776.180480957031,7472.7900390625,8872.33203125,7953.66015625,0,1,2,1,1,7953.66015625,1,0,0,1,1,1
1,38,12,0,0,1,0,-5,0,0,2948.36206054688,5185.921875,5135.43505859375,0,1,3,1,1,5135.43505859375,1,0,0,1,1,
0,39,12,0,1,1,0,-19,101.475608825684,0,557.719299316406,,0,243.541473388672,1,6,0,0,-101.475608825684,1,0,0,1,1,1
1,-1,10,1,-1,0,0,,,,,,,,1,-1,0,0,,0,0,0,1,,
1,30,10,1,0,1,0,-13,0,824.499328613281,9685.587890625,,10882.4248046875,0,1,2,1,1,10882.4248046875,1,0,0,1,1,1
1,31,10,1,0,0,1,-14,0,1511.64001464844,1869.19128417969,0,,0,1,4,1,1,,0,0,0,1,1,1
0,28,12,0,0,1,0,-18,0,0,3502.318359375,,14247.890625,0,1,1,1,1,14247.890625,1,0,0,1,1,1
0,32,12,0,0,1,0,-19,0,0,,,,0,1,2,1,1,,0,0,0,1,1,1
0,35,12,0,0,1,0,-20,0,,,,,0,1,2,1,1,,0,0,0,1,1,1
0,25,12,0,0,1,0,-17,0,1333.640625,,,0,0,1,1,1,1,0,1,0,0,1,1,1
1,35,12,0,0,1,0,-5,3928.68359375,2714.2548828125,4023.2001953125,4987.9892578125,0,3928.68359375,1,1,0,0,-3928.68359375,1,0,0,1,,
1,25,10,1,0,1,0,-19,0,5783.91748046875,3924.10131835938,,0,0,1,1,1,1,0,1,0,0,1,1,1
1,29,12,0,0,1,0,-14,1568.1875,1995.64562988281,6628.1796875,164.438140869141,,1065.70263671875,1,1,0,0,,0,0,0,1,1,1
0,36,8,1,0,0,1,-11,0,0,0,0,2573.56079101562,0,1,2,1,1,2573.56079101562,1,0,0,1,1,
1,35,12,0,1,1,0,-5,0,0,2970.85791015625,7866.01171875,,0,1,5,1,1,,0,0,0,1,1,
1,49,9,1,0,0,0,-12,0,0,8561.88671875,,,0,1,2,1,1,,0,0,0,1,1,
1,46,13,0,0,1,0,-14,296.028503417969,1511.64001464844,4436.845703125,0,0,355.234222412109,1,1,0,0,-296.028503417969,1,0,0,1,1,1
1,22,9,1,0,1,0,-14,0,1367.68542480469,3130.451171875,0,0,0,1,1,1,1,0,1,0,0,1,1,1
1,32,6,1,0,0,1,-10,0,0,2598.16870117188,0,0,0,1,2,1,1,0,1,0,0,1,1,
0,25,10,1,0,1,0,-13,0,0,0,0,0,0,1,1,1,1,0,1,0,0,1,1,1
0,23,12,0,0,1,0,-18,745.672668457031,4139.0947265625,7925.04638671875,,4348.00732421875,1491.34533691406,1,1,0,0,3602.33471679688,1,0,0,1,1,1
0,31,12,0,0,0,0,-7,0,0,0,0,0,0,1,1,1,1,0,1,0,0,1,1,
1,26,11,1,0,1,0,-9,0,0,3659.37036132812,0,0,0,1,3,1,1,0,1,0,0,1,1,
0,34,11,1,0,1,0,-14,0,822.100280761719,2692.07421875,688.593200683594,0,0,1,5,1,1,0,1,0,0,1,1,1
1,32,12,0,0,0,1,-9,0,0,6489.34423828125,2681.05004882812,0,0,1,2,1,1,0,1,0,0,1,1,
1,42,12,0,0,1,0,-7,0,0,,,0,0,1,1,1,1,0,1,0,0,1,1,
0,49,8,1,0,1,0,-14,0,0,0,0,0,0,1,2,1,1,0,1,0,0,1,1,1
0,30,7,1,0,0,1,-14,993.866271972656,0,,,6984.7138671875,1192.63952636719,1,3,0,0,5990.84765625,1,0,0,1,1,1
0,39,11,1,0,0,1,-8,0,0,0,5256.42529296875,8212.619140625,0,1,1,1,1,8212.619140625,1,0,0,1,1,
1,48,8,1,0,0,0,-10,0,0,6287.52001953125,8834.013671875,9267.8583984375,0,1,1,1,1,9267.8583984375,1,0,0,1,1,
0,23,8,1,0,1,0,-19,0,0,0,,4943.880859375,0,1,1,1,1,4943.880859375,1,0,0,1,1,1
0,27,11,1,0,1,0,-9,0,92.242790222168,5125.71728515625,0,0,0,1,1,1,1,0,1,0,0,1,1,
0,30,5,1,0,1,0,-20,0,2986.24462890625,8952.955078125,,8409.7080078125,0,1,1,1,1,8409.7080078125,1,0,0,1,1,1
0,32,10,1,0,1,0,-19,1048.60998535156,2594.82080078125,427.258331298828,,0,2192.54809570312,1,2,0,0,-1048.60998535156,1,0,0,1,1,1
1,34,10,1,0,0,0,-11,6171.2421875,1853.81726074219,12156.203125,3326.68701171875,5525.1318359375,6171.2421875,1,1,0,0,-646.1103515625,1,0,0,1,,
1,32,11,1,0,1,0,-9,2703.78759765625,2222.14038085938,7010.99365234375,7884.6279296875,,2703.78759765625,1,3,0,0,,0,0,0,1,,
1,37,8,1,0,1,0,-10,222.534942626953,315.792022705078,3855.43481445312,3859.84301757812,,222.534942626953,1,4,0,0,,0,0,0,1,,
1,48,8,1,0,1,0,-21,0,3356.40234375,,,,0,1,1,1,1,,0,0,0,1,1,1
1,35,12,0,0,1,0,-10,3645.78955078125,607.631591796875,2112.29663085938,0,2878.32763671875,3645.78955078125,1,6,0,0,-767.4619140625,1,0,0,1,,
1,26,12,0,0,1,0,-9,0,0,6194.14453125,1152.79125976562,0,0,1,2,1,1,0,1,0,0,1,1,
1,28,7,1,0,1,0,-14,1442.37219238281,2132.06103515625,10256.693359375,9419.8193359375,11895.935546875,1176.99548339844,1,2,0,0,10453.5634765625,1,0,0,1,1,1
0,34,11,1,0,0,0,-16,397.234313964844,336.877990722656,406.589080810547,,0,0,1,2,1,0,-397.234313964844,1,0,0,1,1,1
1,33,9,1,0,1,0,-11,0,0,4017.33544921875,0,0,0,1,5,1,1,0,1,0,0,1,1,
0,29,10,1,0,1,0,-7,0,0,4202.79736328125,8069.95654296875,9267.8583984375,0,1,2,1,1,9267.8583984375,1,0,0,1,1,
1,29,11,1,0,1,0,-10,0,0,8144.80859375,1812.72387695312,,0,1,4,1,1,,0,0,0,1,1,
1,26,11,1,0,1,0,-7,0,0,1764.79272460938,0,,0,1,3,1,1,,0,0,0,1,1,
0,26,11,1,1,1,0,-5,4852.21728515625,3892.0048828125,,,14898.2802734375,4852.21728515625,1,1,0,0,10046.0625,1,0,0,1,,
1,26,12,0,0,1,0,-9,0,0,2632.3154296875,0,0,0,1,2,1,1,0,1,0,0,1,1,
1,48,3,1,0,0,1,-11,925.611572265625,77.1343002319336,,,,925.611572265625,1,2,0,0,,0,0,0,1,,
0,34,11,1,0,1,0,-11,5739.3046875,478.275390625,0,0,2977.24633789062,5739.3046875,1,4,0,0,-2762.05834960938,1,0,0,1,,
0,33,10,1,0,1,0,-11,1326.78820800781,110.56568145752,,0,0,1326.78820800781,1,3,0,0,-1326.78820800781,1,0,0,1,,
1,32,10,1,0,1,0,-20,0,7209.86962890625,,,0,0,1,4,1,1,0,1,0,0,1,1,1
0,37,12,0,0,1,0,-10,0,0,6726.990234375,10644.1376953125,16599.0546875,0,1,2,1,1,16599.0546875,1,0,0,1,1,
1,26,11,1,0,1,0,-20,220.751403808594,4968.82666015625,238.979568481445,,0,0,1,1,1,0,-220.751403808594,1,0,0,1,1,1
0,30,8,1,0,0,1,-14,0,0,0,1592.33776855469,8896.3310546875,0,1,3,1,1,8896.3310546875,1,0,0,1,1,1
0,37,11,1,0,1,0,-15,1617.19897460938,2367.802734375,0,0,,947.218383789062,1,2,0,0,,0,0,0,1,1,1
1,27,10,1,0,1,0,-16,0,2746.81103515625,3361.21997070312,,,0,1,2,1,1,,0,0,0,1,1,1
1,26,10,1,0,1,0,-15,1564.42663574219,3007.13037109375,4051.67944335938,,0,1420.93688964844,1,1,0,0,-1564.42663574219,1,0,0,1,1,1
0,39,11,1,0,0,1,-20,0,,,,0,0,1,1,1,1,0,1,0,0,1,1,1
1,32,11,1,0,1,0,-15,0,0,0,0,,0,1,3,1,1,,0,0,0,1,1,1
1,22,9,1,0,1,0,-14,0,1577.32470703125,788.662353515625,0,,0,1,1,1,1,,0,0,0,1,1,1
1,50,10,1,0,1,0,-7,1710,712.5,4776.92822265625,1789.716796875,4170.1298828125,1710,1,1,0,0,2460.1298828125,1,0,0,1,,
0,33,11,1,0,1,0,-15,256.921600341797,1206.51525878906,2386.64794921875,,6239.7138671875,0,1,1,1,0,5982.79248046875,1,0,0,1,1,1
0,48,10,1,0,1,0,-13,0,0,0,4366.0439453125,5560.2265625,0,1,3,1,1,5560.2265625,1,0,0,1,1,1
0,27,11,1,0,1,0,-14,0,0,4818.69287109375,11039,10703.279296875,0,1,3,1,1,10703.279296875,1,0,0,1,1,1
1,28,12,0,0,1,0,-14,0,1655.59460449219,9630.2216796875,10003.876953125,11065.982421875,0,1,1,1,1,11065.982421875,1,0,0,1,1,1
1,27,11,1,0,1,0,-17,2333.20556640625,3895.08471679688,6272.943359375,,8062.3046875,3999.78076171875,1,1,0,0,5729.09912109375,1,0,0,1,1,1
1,33,12,0,0,1,0,-17,1203.17004394531,4474.28564453125,3498.18774414062,,0,0,1,3,1,0,-1203.17004394531,1,0,0,1,1,1
1,29,11,1,0,1,0,-19,0,5084.47265625,9717.302734375,,0,0,1,1,1,1,0,1,0,0,1,1,1
0,35,12,0,0,1,0,-11,0,0,2575.98046875,10129.0390625,,0,1,2,1,1,,0,0,0,1,1,
1,33,8,1,0,0,0,-11,0,0,0,0,0,0,1,1,1,1,0,1,0,0,1,1,
1,43,11,1,0,1,0,-18,0,4775.81689453125,5952.58251953125,,0,0,1,0,1,1,0,1,0,0,1,1,1
0,42,12,0,0,0,0,-16,0,1207.77270507812,4637.70947265625,,5212.66259765625,0,1,1,1,1,5212.66259765625,1,0,0,1,1,1
0,36,6,1,0,0,1,-10,0,0,6550.6279296875,23247.40234375,24066.08984375,0,1,4,1,1,24066.08984375,1,0,0,1,1,
1,43,6,1,0,1,0,-19,3752.056640625,8650.6982421875,1765.99011230469,,,535.881225585938,1,0,0,0,,0,0,0,1,1,1
0,24,10,1,0,1,0,-13,0,0,0,,0,0,1,1,1,1,0,1,0,0,1,1,1
1,43,9,1,0,0,1,-5,0,0,3249.99853515625,7597.8330078125,5490.46337890625,0,1,1,1,1,5490.46337890625,1,0,0,1,1,
1,24,11,1,0,1,0,-19,7847.22119140625,5163.90673828125,6594.634765625,,1758.21240234375,13309.552734375,1,1,0,0,-6089.0087890625,1,0,0,1,1,1
0,30,12,0,0,1,0,-9,0,458.022399902344,,,,0,1,1,1,1,,0,0,0,1,1,
1,23,12,0,0,1,0,-15,2095.8271484375,2483.39184570312,3235.193359375,,0,2794.43627929688,1,1,0,0,-2095.8271484375,1,0,0,1,1,1
1,32,11,1,0,1,0,-8,0,294.188751220703,146.363296508789,249.033477783203,3096.671875,0,1,1,1,1,3096.671875,1,0,0,1,1,
1,40,12,0,0,1,0,-15,0,2267.4599609375,7239.35009765625,0,0,0,1,1,1,1,0,1,0,0,1,1,1
0,31,10,1,0,0,1,-7,0,0,306.082611083984,0,0,0,1,4,1,1,0,1,0,0,1,1,
1,38,11,1,0,1,0,-20,0,7988.9609375,2833.8955078125,,7133.90771484375,0,1,1,1,1,7133.90771484375,1,0,0,1,1,1
1,30,8,1,0,0,1,-7,8575.7158203125,7254.64453125,7176.7099609375,10417.3818359375,4678.18994140625,8575.7158203125,1,1,0,0,-3897.52587890625,1,0,0,1,,
0,28,8,1,0,0,1,-11,0,0,,,0,0,1,3,1,1,0,1,0,0,1,1,
0,35,11,1,0,1,0,-14,0,0,0,0,0,0,1,3,1,1,0,1,0,0,1,1,1
1,37,12,0,0,1,0,-8,0,0,4115.89453125,118.13387298584,0,0,1,1,1,1,0,1,0,0,1,1,
0,34,11,1,0,0,1,-5,0,0,3453.47705078125,9410.9931640625,9909.3505859375,0,1,1,1,1,9909.3505859375,1,0,0,1,1,
0,29,9,1,0,1,0,-5,0,0,0,,,0,1,2,1,1,,0,0,0,1,1,
1,56,7,1,0,1,0,-11,0,0,10576.5234375,9370.462890625,1812.59057617188,0,1,1,1,1,1812.59057617188,1,0,0,1,1,
1,26,12,0,0,1,0,-15,0,1921.95886230469,11098.998046875,16311.4072265625,16680.51953125,0,1,3,1,1,16680.51953125,1,0,0,1,1,1
1,36,12,0,0,1,0,-11,0,0,9762.3857421875,21386.712890625,10425.3251953125,0,1,3,1,1,10425.3251953125,1,0,0,1,1,
1,36,10,1,0,1,0,-11,8639.611328125,3265.14379882812,19111.21875,18586.8671875,0,8639.611328125,1,3,0,0,-8639.611328125,1,0,0,1,,
0,44,8,1,0,1,0,-6,8677.701171875,5182.05712890625,0,6608.47314453125,7588.6123046875,8677.701171875,1,4,0,0,-1089.0888671875,1,0,0,1,,
1,32,8,1,0,1,0,-13,7452.9140625,8600.03515625,8867.2216796875,,12077.888671875,7022.2109375,1,2,0,0,4624.974609375,1,0,0,1,1,1
0,25,7,1,0,1,0,-15,0,,,,,0,1,2,1,1,,0,0,0,1,1,1
1,35,12,0,0,0,1,-12,0,0,8935.7216796875,10524.9267578125,,0,1,3,1,1,,0,0,0,1,1,
1,33,10,1,0,1,0,-13,0,811.790832519531,9770.1796875,1470.21716308594,0,0,1,3,1,1,0,1,0,0,1,1,1
1,27,12,0,0,1,0,-14,4826.14794921875,2213.23291015625,8695.4619140625,,,4707.7646484375,1,1,0,0,,0,0,0,1,1,1
0,33,9,1,0,1,0,-13,2859.912109375,,,,8340.259765625,3119.90405273438,1,3,0,0,5480.34765625,1,0,0,1,1,1
1,26,13,0,0,1,0,-8,5346.65869140625,1782.21960449219,5064.2431640625,1400.47668457031,,5346.65869140625,1,1,0,0,,0,0,0,1,,
0,35,12,0,0,1,0,-11,0,0,0,948.386413574219,0,0,1,2,1,1,0,1,0,0,1,1,
0,32,10,1,0,1,0,-7,0,0,,,,0,1,3,1,1,,0,0,0,1,1,
1,27,11,1,0,1,0,-6,0,151.241180419922,3828.658203125,0,,0,1,1,1,1,,0,0,0,1,1,
0,28,9,1,0,1,0,-13,0,0,0,0,0,0,1,3,1,1,0,1,0,0,1,1,1
1,32,10,1,0,1,0,-10,4290.43994140625,3138.6640625,7357.79150390625,1989.55395507812,0,4290.43994140625,1,2,0,0,-4290.43994140625,1,0,0,1,,
1,30,11,1,0,1,0,-10,2187.51635742188,364.586059570312,8302.6240234375,1559.32385253906,615.270385742188,2187.51635742188,1,3,0,0,-1572.24597167969,1,0,0,1,,
1,27,10,1,0,1,0,-13,307.494018554688,545.937561035156,2695.24560546875,0,0,335.447998046875,1,2,0,0,-307.494018554688,1,0,0,1,1,1
0,31,12,0,0,1,0,-10,1151.35791015625,646.274291992188,71.2206802368164,2939.30004882812,7645.29150390625,1151.35791015625,1,1,0,0,6493.93359375,1,0,0,1,,
1,39,13,0,0,1,0,-11,0,807.085144042969,1257.34252929688,0,10522.46484375,0,1,2,1,1,10522.46484375,1,0,0,1,1,
0,35,10,1,0,1,0,-11,0,0,,10109.91796875,10581.896484375,0,1,5,1,1,10581.896484375,1,0,0,1,1,
0,30,9,1,0,1,0,-16,0,0,5708.68359375,,12030.1845703125,0,1,4,1,1,12030.1845703125,1,0,0,1,1,1
0,40,9,1,0,1,0,-19,0,0,0,,0,0,1,2,1,1,0,1,0,0,1,1,1
1,27,11,1,0,1,0,-15,0,2569.80444335938,6719.017578125,7659.89599609375,12162.8251953125,0,1,1,1,1,12162.8251953125,1,0,0,1,1,1
1,40,11,1,0,0,0,-17,0,3969.17700195312,7117.09521484375,,9896.2421875,0,1,6,1,1,9896.2421875,1,0,0,1,1,1
1,42,11,1,0,0,0,-16,0,765.637817382812,2384.88549804688,,0,0,1,2,1,1,0,1,0,0,1,1,1
1,23,11,1,0,1,0,-19,0,6088.33447265625,3678.42504882812,,,0,1,1,1,1,,0,0,0,1,1,1
1,23,11,1,0,1,0,-6,3537.2744140625,2750.67041015625,4561.08349609375,4947.18798828125,5961.283203125,3537.2744140625,1,2,0,0,2424.0087890625,1,0,0,1,,
0,41,12,0,0,1,0,-14,0,0,0,0,14795.263671875,0,1,2,1,1,14795.263671875,1,0,0,1,1,1
0,29,11,1,0,1,0,-9,0,922.277709960938,1208.4501953125,8554.921875,0,0,1,1,1,1,0,1,0,0,1,1,
1,29,7,1,0,1,0,-15,0,2807.31469726562,19711.150390625,,19976.7734375,0,1,2,1,1,19976.7734375,1,0,0,1,1,1
0,30,12,0,0,0,1,-9,0,0,0,0,0,0,1,3,1,1,0,1,0,0,1,1,
1,35,8,1,0,1,0,-13,0,450.987579345703,3865.41845703125,0,0,0,1,2,1,1,0,1,0,0,1,1,1
1,45,11,1,0,1,0,-16,0,3454.81494140625,9927.357421875,,6221.18505859375,0,1,5,1,1,6221.18505859375,1,0,0,1,1,1
1,38,7,1,0,1,0,-17,0,4329.98095703125,5616.8720703125,,0,0,1,3,1,1,0,1,0,0,1,1,1
1,50,7,1,0,1,0,-20,0,7209.86962890625,4634.083984375,,0,0,1,2,1,1,0,1,0,0,1,1,1
1,34,12,0,0,1,0,-13,0,854.516662597656,8190.3232421875,2231.9599609375,8299.52734375,0,1,4,1,1,8299.52734375,1,0,0,1,1,1
0,29,11,1,0,1,0,-12,0,0,0,12967.771484375,12162.8251953125,0,1,2,1,1,12162.8251953125,1,0,0,1,1,
0,31,10,1,0,1,0,-13,0,0,0,1695.65185546875,0,0,1,3,1,1,0,1,0,0,1,1,1
1,27,15,0,0,1,0,-15,2566.5400390625,3023.29663085938,10294.171875,13756.1376953125,,3422.05322265625,1,4,0,0,,0,0,0,1,1,1
0,35,10,1,0,1,0,-13,4933.56591796875,,,10376.501953125,9452.9150390625,5382.07177734375,1,6,0,0,4519.34912109375,1,0,0,1,1,1
0,26,12,0,0,1,0,-7,0,0,992.195007324219,1962.81909179688,1394.01220703125,0,1,1,1,1,1394.01220703125,1,0,0,1,1,
1,26,10,1,0,1,0,-14,0,1089.76928710938,2900.365234375,,,0,1,2,1,1,,0,0,0,1,1,1
1,29,12,0,0,1,0,-10,0,0,8532.3115234375,8568.8837890625,,0,1,1,1,1,,0,0,0,1,1,
1,27,10,1,0,1,0,-15,4558.748046875,1619.6142578125,3778.44921875,0,0,6078.33056640625,1,1,0,0,-4558.748046875,1,0,0,1,1,1
0,24,12,0,0,1,0,-14,0,191.196884155273,5312.83447265625,4522.6787109375,,0,1,1,1,1,,0,0,0,1,1,1
1,36,10,1,0,1,0,-10,0,0,7776.5400390625,11668.39453125,16569.7265625,0,1,2,1,1,16569.7265625,1,0,0,1,1,
1,38,12,0,0,1,0,-10,0,0,8714.9267578125,5806.15380859375,0,0,1,2,1,1,0,1,0,0,1,1,
1,26,10,1,0,1,0,-9,0,0,1911.38049316406,0,0,0,1,3,1,1,0,1,0,0,1,1,
0,29,11,1,0,1,0,-8,0,0,0,0,4007.63720703125,0,1,1,1,1,4007.63720703125,1,0,0,1,1,
1,25,11,1,0,1,0,-10,0,0,7383.33837890625,11979.822265625,13622.37109375,0,1,1,1,1,13622.37109375,1,0,0,1,1,
0,42,10,1,0,1,0,-7,0,0,2514.64233398438,1424.29052734375,,0,1,3,1,1,,0,0,0,1,1,
0,38,13,0,0,1,0,-13,0,0,4051.71459960938,,,0,1,2,1,1,,0,0,0,1,1,1
0,37,12,0,0,1,0,-8,0,0,0,0,3543.6826171875,0,1,1,1,1,3543.6826171875,1,0,0,1,1,
0,24,12,0,0,1,0,-16,1191.267578125,0,0,,16749.6015625,1604.56518554688,1,2,0,0,15558.333984375,1,0,0,1,1,1
1,27,14,0,0,1,0,-10,0,0,8416.59375,1670.69982910156,0,0,1,2,1,1,0,1,0,0,1,1,
0,41,10,1,0,1,0,-5,1288.90258789062,751.859802246094,0,0,585.36181640625,1288.90258789062,1,4,0,0,-703.540771484375,1,0,0,1,,
0,40,12,0,0,1,0,-10,0,0,5558.97216796875,5191.8603515625,8479.318359375,0,1,6,1,1,8479.318359375,1,0,0,1,1,
0,27,8,1,0,1,0,-15,4546.943359375,2634.4765625,14991.6806640625,12529.6884765625,2359.94946289062,6062.59130859375,1,1,0,0,-2186.99389648438,1,0,0,1,1,1
0,42,7,1,1,0,1,-8,0,2430.42895507812,5528.7587890625,9235.8369140625,,0,1,2,1,1,,0,0,0,1,1,
1,29,12,0,0,1,0,-15,0,2591.3828125,7167.01904296875,13443.958984375,11954.318359375,0,1,2,1,1,11954.318359375,1,0,0,1,1,1
0,35,13,0,0,1,0,-15,0,0,2295.45043945312,3746.970703125,4517.6943359375,0,1,1,1,1,4517.6943359375,1,0,0,1,1,1
1,23,8,1,0,1,0,-19,2629.6318359375,5073.57275390625,3584.88305664062,,0,1157.21557617188,1,1,0,0,-2629.6318359375,1,0,0,1,1,1
1,34,11,1,0,1,0,-8,2371.27026367188,790.423400878906,6387.96923828125,3940.82446289062,,2371.27026367188,1,4,0,0,,0,0,0,1,,
1,27,10,1,0,1,0,-13,2037.81591796875,712.091735839844,8679.3232421875,2681.99609375,7262.0859375,2223.07202148438,1,1,0,0,5224.27001953125,1,0,0,1,1,1
1,31,12,0,0,1,0,-8,0,0,5748.65966796875,12981.5654296875,12386.6875,0,1,1,1,1,12386.6875,1,0,0,1,1,
1,37,12,0,0,1,0,-10,0,0,6633.66015625,1995.69665527344,3262.9404296875,0,1,3,1,1,3262.9404296875,1,0,0,1,1,
0,28,11,1,0,1,0,-8,,,2528.47265625,0,0,,1,1,0,0,,0,0,0,1,,
0,40,5,1,0,0,1,-9,0,0,5318.6669921875,9026.25,8760.1796875,0,1,1,1,1,8760.1796875,1,0,0,1,1,
0,25,12,0,0,1,0,-10,0,0,0,0,1027.142578125,0,1,1,1,1,1027.142578125,1,0,0,1,1,
1,39,9,1,0,0,1,-16,0,3569.95336914062,6908.80908203125,,0,0,1,4,1,1,0,1,0,0,1,1,1
1,34,10,1,0,1,0,-7,1710,712.5,4392.9326171875,4074.86547851562,0,1710,1,1,0,0,-1710,1,0,0,1,,
1,35,11,1,0,1,0,-5,0,0,3379.9287109375,,13587.1298828125,0,1,2,1,1,13587.1298828125,1,0,0,1,1,
1,26,12,0,0,0,1,-5,0,0,3567.21118164062,3858.94018554688,0,0,1,1,1,1,0,1,0,0,1,1,
1,25,12,0,0,1,0,-16,0,1087.21472167969,,,,0,1,1,1,1,,0,0,0,1,1,1
1,25,9,1,0,1,0,-14,0,1433.91052246094,,712.145263671875,0,0,1,3,1,1,0,1,0,0,1,1,1
0,26,7,1,0,1,0,-9,0,678.149780273438,3766.70581054688,12207.791015625,11204.361328125,0,1,3,1,1,11204.361328125,1,0,0,1,1,
0,22,12,0,0,1,0,-10,0,0,0,3206.50903320312,10374.408203125,0,1,1,1,1,10374.408203125,1,0,0,1,1,
0,26,10,1,0,1,0,-9,7561.63671875,5829.05615234375,425.300628662109,3161.8876953125,0,7561.63671875,1,1,0,0,-7561.63671875,1,0,0,1,,
0,25,11,1,0,1,0,-13,0,0,0,1383.85107421875,4357.5234375,0,1,2,1,1,4357.5234375,1,0,0,1,1,1
1,34,12,0,0,1,0,-7,0,0,5474.03662109375,9078.1513671875,3634.39233398438,0,1,3,1,1,3634.39233398438,1,0,0,1,1,
1,24,8,1,0,1,0,-6,0,0,5186.369140625,,1015.88952636719,0,1,1,1,1,1015.88952636719,1,0,0,1,1,
1,36,10,1,0,1,0,-7,0,0,5738.87841796875,5016.6806640625,1765.88989257812,0,1,1,1,1,1765.88989257812,1,0,0,1,1,
0,28,9,1,0,1,0,-20,0,0,0,,0,0,1,2,1,1,0,1,0,0,1,1,1
0,28,10,1,0,1,0,-16,0,0,0,,0,0,1,2,1,1,0,1,0,0,1,1,1
1,27,10,1,0,1,0,-15,1110.13427734375,2267.4599609375,11536.759765625,15344.7744140625,,1480.17907714844,1,3,0,0,,0,0,0,1,1,1
1,41,9,1,0,0,1,-15,0,2677.74560546875,9217.3193359375,4023.98486328125,,0,1,1,1,1,,0,0,0,1,1,1
1,37,9,1,0,1,0,-5,0,0,2993.384765625,5505.51708984375,0,0,1,5,1,1,0,1,0,0,1,1,
1,33,9,1,0,1,0,-16,0,2129.90380859375,6482.255859375,,0,0,1,1,1,1,0,1,0,0,1,1,1
0,22,10,1,0,1,0,-15,0,0,0,0,,0,1,1,1,1,,0,0,0,1,1,1
1,45,8,1,1,1,0,-15,0,2591.3828125,1692.26708984375,11421.0439453125,16332.9560546875,0,1,5,1,1,16332.9560546875,1,0,0,1,1,1
1,32,12,0,0,1,0,-14,0,,,,,0,1,4,1,1,,0,0,0,1,1,1
1,35,9,1,0,1,0,-21,0,8227.37109375,9900.5078125,,14456.396484375,0,1,3,1,1,14456.396484375,1,0,0,1,1,1
0,32,11,1,1,1,0,-19,0,1545.8037109375,,,10477.15234375,0,1,2,1,1,10477.15234375,1,0,0,1,1,1
0,33,13,0,0,1,0,-15,1065.70263671875,1475.64294433594,6700.525390625,5011.884765625,9778.728515625,1420.93688964844,1,4,0,0,8713.025390625,1,0,0,1,1,1
1,50,11,1,0,1,0,-21,278.375335693359,7678.16650390625,,,0,1113.50134277344,1,2,0,0,-278.375335693359,1,0,0,1,1,1
1,35,10,1,0,1,0,-6,752.598205566406,376.299102783203,5497.7724609375,10997.0146484375,8940.228515625,752.598205566406,1,5,0,0,8187.63037109375,1,0,0,1,,
0,36,12,0,0,1,0,-15,0,,,,,0,1,4,1,1,,0,0,0,1,1,1
1,32,10,1,0,1,0,-9,0,1150.18041992188,3304.64868164062,0,2723.63891601562,0,1,3,1,1,2723.63891601562,1,0,0,1,1,
0,33,11,1,0,1,0,-5,0,0,0,177.046783447266,0,0,1,2,1,1,0,1,0,0,1,1,
1,31,9,1,0,1,0,-5,0,0,2313.91845703125,3622.8681640625,92.4257888793945,0,1,2,1,1,92.4257888793945,1,0,0,1,1,
0,38,12,0,0,1,0,-16,0,1737.30480957031,1945.92626953125,,,0,1,1,1,1,,0,0,0,1,1,1
0,34,11,1,0,1,0,-16,2515.04541015625,0,720.195861816406,,,3199.6474609375,1,4,0,0,,0,0,0,1,1,1
1,48,9,1,0,1,0,-15,2701.955078125,4131.78173828125,7097.2421875,0,0,2605.12377929688,1,3,0,0,-2701.955078125,1,0,0,1,1,1
0,34,10,1,0,1,0,-5,0,0,0,3667.94799804688,7740.14892578125,0,1,2,1,1,7740.14892578125,1,0,0,1,1,
1,28,-1,1,0,1,0,-19,237.581039428711,6324.744140625,12034.2880859375,,10848.935546875,0,1,1,1,0,10611.3544921875,0,0,0,1,1,1
0,35,12,0,0,1,0,-5,0,0,,,,0,1,1,1,1,,0,0,0,1,1,
0,32,10,1,0,1,0,-7,0,0,1446.33190917969,0,,0,1,3,1,1,,0,0,0,1,1,
1,37,11,1,0,1,0,-11,0,0,9367.66796875,833.076477050781,0,0,1,3,1,1,0,1,0,0,1,1,
1,36,11,1,0,1,0,-14,0,1583.63391113281,2347.01293945312,0,0,0,1,2,1,1,0,1,0,0,1,1,1
0,37,10,1,1,0,1,-9,0,0,0,0,0,0,1,3,1,1,0,1,0,0,1,1,
1,40,12,0,0,1,0,-9,0,0,5846.08154296875,2614.2431640625,0,0,1,1,1,1,0,1,0,0,1,1,
0,39,10,1,0,1,0,-8,0,0,0,0,0,0,1,2,1,1,0,1,0,0,1,1,
0,26,8,1,0,1,0,-9,0,0,6415.2568359375,10044.2763671875,13832.5986328125,0,1,1,1,1,13832.5986328125,1,0,0,1,1,
1,41,6,1,0,1,0,-11,0,0,4848.412109375,0,0,0,1,4,1,1,0,1,0,0,1,1,
1,33,12,0,0,1,0,-5,2398.09326171875,1398.88781738281,,,1277.20397949219,2398.09326171875,1,3,0,0,-1120.88928222656,1,0,0,1,,
1,31,12,0,0,0,1,-13,0,783.312438964844,,,0,0,1,3,1,1,0,1,0,0,1,1,1
1,27,7,1,0,1,0,-16,0,3454.81494140625,,,,0,1,2,1,1,,0,0,0,1,1,1
1,37,9,1,0,1,0,-16,953.265075683594,2845.20922851562,4796.6787109375,,0,1429.89758300781,1,3,0,0,-953.265075683594,1,0,0,1,1,1
1,35,12,0,0,1,0,-19,0,5058.8037109375,3451.5048828125,,0,0,1,5,1,1,0,1,0,0,1,1,1
0,34,10,1,0,1,0,-6,0,0,0,0,0,0,1,0,1,1,0,1,0,0,1,1,
0,22,11,1,0,1,0,-15,0,1326.76977539062,0,0,0,0,1,1,1,1,0,1,0,0,1,1,1
,46,12,0,0,0,0,,11277.1552734375,3183.43383789062,16695.474609375,16953.62109375,17922.080078125,16217.845703125,0,0,0,0,6644.9248046875,,1,,0,0,0
,29,12,0,0,1,0,,21480.294921875,23706.421875,22578.640625,20687.76171875,21249.48046875,23252.091796875,0,0,0,0,-230.814453125,,1,,0,0,0
,40,11,1,0,1,0,,0,0,0,0,0,0,1,5,1,1,0,,1,1,0,0,0
,37,12,0,0,1,0,,0,0,0,0,0,0,1,2,1,1,0,,1,1,0,0,0
,31,12,0,0,1,0,,10795.638671875,15578.505859375,13594.8857421875,14481.43359375,13129.2421875,11919.1396484375,0,0,0,0,2333.603515625,,1,,0,0,0
,42,9,1,0,1,0,,0,0,0,0,0,0,1,4,1,1,0,,1,1,0,0,0
,21,13,0,0,1,0,,0,8297.2470703125,7155.203125,511.283264160156,0,0,1,1,1,1,0,,1,1,0,0,0
,22,15,0,0,1,0,,15215.208984375,9313.2373046875,14151.4013671875,13742.5849609375,19229.69921875,19539.572265625,0,0,0,0,4014.490234375,,1,,0,0,0
,35,17,0,0,0,0,,23270.3203125,22859.763671875,23055.654296875,24234.236328125,23075.638671875,24424.46484375,0,0,0,0,-194.681640625,,1,,0,0,0
,35,7,1,0,1,0,,0,3738.84130859375,0,0,0,1563.16577148438,0,0,0,1,0,,1,,0,0,0
,55,9,1,0,0,0,,16120.9619140625,18253.9453125,0,0,0,17390.21875,0,0,0,0,-16120.9619140625,,1,,0,0,0
,45,8,1,0,0,0,,0,2370.64208984375,0,0,0,0,0,0,1,1,0,,1,,0,0,0
,28,12,0,0,1,0,,1347.88854980469,711.192626953125,397.511291503906,0,318.28466796875,0,1,2,1,0,-1029.60388183594,,1,1,0,0,0
,25,12,0,0,1,0,,7392.8017578125,2370.64208984375,11508.7470703125,11341.326171875,6612.36376953125,7514.91943359375,1,3,0,0,-780.43798828125,,1,1,0,0,0
,26,12,0,0,0,0,,6265.0859375,6773.26318359375,7950.2255859375,7388.486328125,5967.83740234375,3517.123046875,1,3,0,0,-297.24853515625,,1,1,0,0,0
,26,12,0,0,1,0,,8234.11328125,10159.89453125,11130.31640625,11526.0390625,10609.4892578125,5666.47607421875,0,1,0,0,2375.3759765625,,1,,0,0,0
,24,10,1,0,1,0,,0,338.663177490234,0,1034.38806152344,1193.56750488281,0,1,3,1,1,1193.56750488281,,1,1,0,0,0
,29,11,1,0,1,0,,0,54.186107635498,60.4217147827148,0,0,0,1,2,1,1,0,,1,1,0,0,0
,42,12,0,0,0,0,,7876.1083984375,20319.7890625,21465.609375,26962.064453125,21218.978515625,11723.7431640625,0,4,0,0,13342.8701171875,,1,,0,0,0
,48,7,1,0,1,0,,5907.0810546875,5079.947265625,1372.208984375,3995.693359375,3723.9306640625,4884.89306640625,0,1,0,0,-2183.150390625,,1,,0,0,0
,50,8,1,0,1,0,,0,0,0,0,0,0,0,0,1,1,0,,1,,0,0,0
,24,14,0,0,1,0,,8950.123046875,9143.9052734375,9540.2705078125,13299.275390625,11007.3447265625,9769.7861328125,0,2,0,0,2057.2216796875,,1,,0,0,0
,45,8,1,0,1,0,,8198.3125,4179.103515625,0,0,0,7157.34521484375,1,5,0,0,-8198.3125,,1,1,0,0,0
,55,0,1,0,1,0,,0,0,0,0,0,0,0,0,1,1,0,,1,,0,0,0
,21,12,0,0,0,0,,14320.1962890625,1862.6474609375,4452.12646484375,5319.71044921875,4664.19677734375,3165.41064453125,0,1,0,0,-9656,,1,,0,0,0
,42,12,0,0,1,0,,0,0,2585.41333007812,10719.2158203125,9946.3955078125,5861.87158203125,0,2,0,1,9946.3955078125,,1,,0,0,0
,20,12,0,0,0,0,,8842.7216796875,10803.3544921875,11766.333984375,12560.4267578125,12598.7685546875,6991.25927734375,0,0,0,0,3756.046875,,1,,0,0,0
,47,6,1,0,0,0,,0,0,0,0,0,0,1,5,1,1,0,,1,1,0,0,0
,37,14,0,0,0,0,,18337.01171875,18457.142578125,19080.541015625,19801.14453125,17903.51171875,17976.40625,0,1,0,0,-433.5,,1,,0,0,0
,43,16,0,0,0,0,,24165.33203125,22859.763671875,21465.609375,22608.767578125,21882.0703125,26378.423828125,0,0,0,0,-2283.26171875,,1,,0,0,0
,52,12,0,0,0,0,,17184.236328125,19178.494140625,18892.916015625,21200.5234375,21484.21484375,15436.2626953125,0,0,0,0,4299.978515625,,1,,0,0,0
,26,14,0,0,1,0,,12959.7783203125,11230.0703125,12839.6142578125,13328.8291015625,12200.912109375,10840.5546875,0,1,0,0,-758.8662109375,,1,,0,0,0
,47,16,0,0,0,0,,1074.01477050781,982.123168945312,1431.04064941406,1551.58215332031,95.4853973388672,1172.37438964844,0,1,0,0,-978.529357910156,,1,,0,0,0
,54,6,1,0,0,0,,8055.11083984375,9143.9052734375,19080.541015625,14717.865234375,13261.861328125,10746.7646484375,0,0,0,0,5206.75048828125,,1,,0,0,0
,53,12,0,0,0,0,,2864.03930664062,0,4770.13525390625,4238.03564453125,1591.42333984375,0,0,1,1,0,-1272.61596679688,,1,,0,0,0
,50,9,1,0,0,0,,5370.07373046875,9313.2373046875,6678.189453125,0,0,5080.2890625,0,0,0,0,-5370.07373046875,,1,,0,0,0
,53,12,0,0,0,0,,18347.751953125,17779.81640625,18961.2890625,18323.4453125,18036.130859375,19148.78125,0,1,0,0,-311.62109375,,1,,0,0,0
,55,14,0,0,0,0,,11187.6533203125,11897.2373046875,12720.361328125,11821.578125,11163.8349609375,11137.556640625,0,0,0,0,-23.818359375,,1,,0,0,0
,53,12,0,0,0,0,,18301.2109375,18816.125,16695.474609375,20687.76171875,19892.791015625,15944.291015625,0,0,0,0,1591.580078125,,1,,0,0,0
,35,9,1,0,1,0,,9182.826171875,7179.6591796875,7950.2255859375,7388.486328125,7957.11669921875,9378.9951171875,0,0,0,0,-1225.70947265625,,1,,0,0,0
,49,16,0,0,0,0,,23066.2578125,24346.494140625,24704.53125,26530.576171875,25877.869140625,23447.486328125,0,0,0,0,2811.611328125,,1,,0,0,0
,37,8,1,0,0,0,,0,50.7994728088379,190.805419921875,0,1379.23352050781,0,0,4,1,1,1379.23352050781,,1,,0,0,0
,30,9,1,0,1,0,,7482.302734375,2539.9736328125,0,0,0,6383.578125,1,4,0,0,-7482.302734375,,1,1,0,0,0
,43,8,1,0,1,0,,0,0,0,0,132.618606567383,0,1,7,1,1,132.618606567383,,1,1,0,0,0
,22,12,0,0,1,0,,12315.369140625,11853.2109375,12720.361328125,10343.880859375,6527.48828125,13286.9091796875,1,1,0,0,-5787.880859375,,1,1,0,0,0
,24,13,0,0,1,0,,19690.271484375,19642.462890625,18285.51953125,23717.041015625,26523.72265625,4884.89306640625,0,1,0,0,6833.451171875,,1,,0,0,0
,26,12,0,0,0,0,,12243.7685546875,12569.4833984375,13833.392578125,14555.318359375,14588.046875,12114.53515625,0,1,0,0,2344.2783203125,,1,,0,0,0
,28,11,1,0,1,0,,5370.07373046875,0,0,1625.46704101562,5702.60009765625,3907.91455078125,0,1,0,0,332.5263671875,,1,,0,0,0
,52,8,1,0,1,0,,0,2709.30541992188,2385.06762695312,709.294677734375,928.330261230469,976.978637695312,1,5,0,1,928.330261230469,,1,1,0,0,0
,28,12,0,0,0,0,,7697.10595703125,8466.5791015625,8840.6513671875,13297.7978515625,3978.55834960938,1211.45349121094,0,0,0,0,-3718.54760742188,,1,,0,0,0
,26,6,1,0,1,0,,0,0,0,0,0,0,1,2,1,1,0,,1,1,0,0,0
,46,12,0,0,0,0,,19087.033203125,13321.3154296875,12720.361328125,13565.2607421875,14088.0751953125,20407.12890625,0,1,0,0,-4998.9580078125,,1,,0,0,0
,52,8,1,0,1,0,,2301.9716796875,9313.2373046875,6996.19873046875,7388.486328125,6630.9306640625,9769.7861328125,1,0,0,0,4328.958984375,,1,1,0,0,0
,22,15,0,0,0,0,,2305.5517578125,3212.22021484375,19557.5546875,26591.162109375,24255.943359375,2932.88989257812,0,0,0,0,21950.390625,,1,,0,0,0
,54,8,1,0,1,0,,11690.650390625,13107.9580078125,13136.953125,13160.3720703125,11529.8623046875,11008.5947265625,0,0,0,0,-160.7880859375,,1,,0,0,0
,52,10,1,0,1,0,,0,0,0,0,0,0,0,0,1,1,0,,1,,0,0,0
,44,11,1,0,1,0,,6444.08837890625,6773.26318359375,4770.13525390625,8866.18359375,10609.4892578125,8206.6201171875,0,3,0,0,4165.40087890625,,1,,0,0,0
,31,12,0,0,0,0,,9845.1357421875,13207.86328125,13674.3876953125,12560.4267578125,9946.3955078125,7425.03759765625,0,3,0,0,101.259765625,,1,,0,0,0
,23,12,0,0,0,0,,15215.208984375,3462.83081054688,10335.29296875,16567.94140625,23738.732421875,9019.466796875,0,1,0,0,8523.5234375,,1,,0,0,0
,25,12,0,0,0,0,,14910.9052734375,15917.1689453125,15510.890625,17141.2890625,17823.94140625,14642.9560546875,0,0,0,0,2913.0361328125,,1,,0,0,0
,27,14,0,0,0,0,,13604.1865234375,11853.2109375,12799.86328125,11821.578125,15914.2333984375,12704.6298828125,0,0,0,0,2310.046875,,1,,0,0,0
,50,12,0,0,0,0,,9154.185546875,9990.5634765625,7689.45849609375,8344.556640625,8689.171875,9167.9677734375,0,1,0,0,-465.013671875,,1,,0,0,0
,30,10,1,0,1,0,,6093.24365234375,2438.37475585938,10812.306640625,10934.9599609375,10609.4892578125,9378.9951171875,1,3,0,0,4516.24560546875,,1,1,0,0,0
,48,13,0,0,0,0,,18795.2578125,19378.306640625,20670.5859375,22165.458984375,19760.173828125,17976.40625,0,2,0,0,964.916015625,,1,,0,0,0
,41,12,0,0,1,0,,5012.06884765625,5159.533203125,0,0,0,0,1,2,1,0,-5012.06884765625,,1,1,0,0,0
,25,12,0,0,1,0,,0,5982.48486328125,0,0,0,0,1,1,1,1,0,,1,1,0,0,0
,36,15,0,0,0,0,,29535.40625,27093.052734375,28302.802734375,29997.25390625,32654.681640625,25792.236328125,0,1,0,0,3119.275390625,,1,,0,0,0
,31,12,0,0,1,0,,5191.0712890625,0,0,0,0,5080.2890625,1,4,0,0,-5191.0712890625,,1,1,0,0,0
,42,16,0,0,1,0,,17363.23828125,17779.81640625,3816.1083984375,2011.14599609375,6630.9306640625,17282.751953125,0,1,0,0,-10732.3076171875,,1,,0,0,0
,35,17,0,0,0,0,,17898.455078125,14589.609375,5962.66943359375,5615.24951171875,5569.9814453125,18562.59375,0,0,0,0,-12328.4736328125,,1,,0,0,0
,55,12,0,0,1,0,,6343.84716796875,3386.63159179688,3180.09033203125,0,0,2610.48681640625,0,1,0,0,-6343.84716796875,,1,,0,0,0
,54,8,1,0,1,0,,0,0,0,0,0,0,1,0,1,1,0,,1,1,0,0,0
,50,14,0,0,1,0,,18795.2578125,16594.494140625,17538.197265625,16254.669921875,15967.28125,17233.90234375,0,2,0,0,-2827.9765625,,1,,0,0,0
,54,17,0,0,1,0,,23270.3203125,24478.57421875,23532.66796875,24825.314453125,26017.119140625,23330.25,0,0,0,0,2746.798828125,,1,,0,0,0
,46,14,0,0,1,0,,0,2421.44165039062,0,0,0,312.633148193359,1,4,0,1,0,,1,1,0,0,0
,24,17,0,0,0,0,,7876.1083984375,13546.5263671875,7950.2255859375,354.647338867188,1259.87683105469,8792.8076171875,0,0,0,0,-6616.2314453125,,1,,0,0,0
,36,10,1,0,1,0,,0,0,0,0,318.28466796875,0,1,7,1,1,318.28466796875,,1,1,0,0,0
,53,11,1,0,0,0,,3938.05419921875,4741.2841796875,6996.19873046875,10903.9287109375,9018.0654296875,7933.06640625,0,0,0,0,5080.01123046875,,1,,0,0,0
,27,14,0,0,0,0,,7475.142578125,1693.31579589844,12642.44921875,11969.34765625,9548.5400390625,12407.62890625,0,2,0,0,2073.3974609375,,1,,0,0,0
,36,9,1,0,1,0,,5679.748046875,10159.89453125,7950.2255859375,1034.38806152344,4906.888671875,3907.91455078125,1,5,0,0,-772.859375,,1,1,0,0,0
,23,12,0,0,0,0,,7160.09814453125,7619.92138671875,7314.20751953125,9457.2626953125,8620.2099609375,1758.5615234375,0,0,0,0,1460.11181640625,,1,,0,0,0
,24,11,1,0,1,0,,10332.021484375,11687.265625,12084.3427734375,12117.1181640625,11999.33203125,0,0,1,1,0,1667.310546875,,1,,0,0,0
,40,9,1,0,1,0,,0,6434.60009765625,12720.361328125,7660.3828125,5304.74462890625,7425.03759765625,0,1,0,1,5304.74462890625,,1,,0,0,0
,34,10,1,0,1,0,,895.012268066406,3386.63159179688,6360.1806640625,7388.486328125,6630.9306640625,1758.5615234375,1,2,0,0,5735.91845703125,,1,1,0,0,0
,35,8,1,0,1,0,,429.605895996094,7640.2412109375,7117.0419921875,5171.9404296875,9850.91015625,4621.10888671875,1,4,0,0,9421.3046875,,1,1,0,0,0
,50,12,0,0,0,0,,12941.8779296875,13058.8515625,9629.3134765625,0,0,11788.224609375,0,0,0,0,-12941.8779296875,,1,,0,0,0
,47,14,0,0,1,0,,7339.1005859375,6502.33251953125,8268.234375,9605.0322265625,8620.2099609375,8206.6201171875,0,4,0,0,1281.109375,,1,,0,0,0
,34,12,0,0,1,0,,3436.84716796875,0,4960.94091796875,4521.75390625,1856.66052246094,0,0,0,1,0,-1580.18664550781,,1,,0,0,0
,28,14,0,0,1,0,,13425.1845703125,13546.5263671875,12720.361328125,13890.3544921875,13261.861328125,12114.53515625,0,0,0,0,-163.3232421875,,1,,0,0,0
,46,12,0,0,1,0,,17900.24609375,20319.7890625,18285.51953125,14038.1240234375,17903.51171875,15811.421875,0,0,0,0,3.265625,,1,,0,0,0
,47,12,0,0,1,0,,7160.09814453125,2539.9736328125,8411.3388671875,8508.5810546875,18195.2734375,4884.89306640625,0,3,0,0,11035.17578125,,1,,0,0,0
,27,12,0,0,1,0,,1790.02453613281,677.326354980469,8745.248046875,9605.0322265625,9946.3955078125,0,1,1,1,0,8156.37109375,,1,1,0,0,0
,25,12,0,0,0,0,,14320.1962890625,25399.736328125,23850.677734375,21278.841796875,13261.861328125,1953.95727539062,0,0,0,0,-1058.3349609375,,1,,0,0,0
,37,12,0,0,0,0,,0,0,0,0,0,0,1,3,1,1,0,,1,1,0,0,0
,54,6,1,0,1,0,,6089.66357421875,6265.2685546875,4285.171875,3177.04907226562,0,6018.1884765625,0,1,0,0,-6089.66357421875,,1,,0,0,0
,43,8,1,0,0,0,,3769.79174804688,0,4895.7490234375,7979.5654296875,10609.4892578125,3204.48999023438,0,0,0,0,6839.697265625,,1,,0,0,0
,39,12,0,0,1,0,,116.351600646973,0,0,673.829956054688,242.69206237793,0,1,3,1,0,126.340461730957,,1,1,0,0,0
,29,9,1,0,1,0,,11277.1552734375,10667.8896484375,7950.2255859375,11526.0390625,13566.8837890625,13091.513671875,0,3,0,0,2289.728515625,,1,,0,0,0
,46,12,0,0,1,0,,14320.1962890625,12699.8681640625,11130.31640625,8866.18359375,10609.4892578125,11723.7431640625,0,0,0,0,-3710.70703125,,1,,0,0,0
,45,16,0,0,1,0,,16110.2216796875,15239.8427734375,16415.626953125,16254.669921875,15914.2333984375,15631.658203125,0,2,0,0,-195.98828125,,1,,0,0,0
,45,12,0,0,1,0,,0,0,1566.19445800781,1901.79638671875,0,1869.93713378906,1,1,0,1,0,,1,1,0,0,0
,28,11,1,0,1,0,,0,0,0,0,0,0,1,6,1,1,0,,1,1,0,0,0
,30,12,0,0,1,0,,16110.2216796875,14704.7548828125,15900.451171875,16254.669921875,16046.8515625,2000.85217285156,0,0,0,0,-63.3701171875,,1,,0,0,0
,39,7,1,0,1,0,,8771.1201171875,7633.4677734375,7791.22119140625,7824.4072265625,7526.1064453125,10252.4140625,0,7,0,0,-1245.013671875,,1,,0,0,0
,34,12,0,0,1,0,,5370.07373046875,4842.88330078125,6360.1806640625,7388.486328125,5768.90966796875,5275.6845703125,1,2,0,0,398.8359375,,1,1,0,0,0
,23,14,0,0,0,0,,12530.171875,16086.5,23850.677734375,23755.4609375,25197.537109375,11723.7431640625,0,0,0,0,12667.365234375,,1,,0,0,0
,34,12,0,0,1,0,,18795.2578125,17481.79296875,18285.51953125,14717.865234375,15365.1923828125,16380.0234375,0,3,0,0,-3430.0654296875,,1,,0,0,0
,49,8,1,0,1,0,,3098.53247070312,3386.63159179688,3339.0947265625,13594.8154296875,4376.4140625,7815.8291015625,0,0,0,0,1277.88159179688,,1,,0,0,0
,23,16,0,0,0,0,,17005.234375,19473.1328125,21465.609375,20687.76171875,23871.349609375,11235.25390625,0,0,0,0,6866.115234375,,1,,0,0,0
,50,8,1,0,1,0,,2327.03198242188,2201.310546875,2146.56103515625,1994.89135742188,2254.51635742188,2438.53857421875,0,1,0,0,-72.515625,,1,,0,0,0
,26,11,1,0,1,0,,173.632385253906,6095.93701171875,5565.158203125,0,0,0,1,3,1,0,-173.632385253906,,1,1,0,0,0
,28,8,1,0,1,0,,0,0,0,0,0,0,1,5,1,1,0,,1,1,0,0,0
,42,12,0,0,1,0,,0,0,0,0,0,0,1,3,1,1,0,,1,1,0,0,0
,34,12,0,1,0,0,,587.128051757812,8127.916015625,8837.470703125,7790.419921875,6100.4560546875,6643.45458984375,0,2,0,0,5513.328125,,1,,0,0,0
,55,3,1,0,1,0,,2992.92114257812,5587.9423828125,5391.84326171875,2807.62475585938,0,5940.0302734375,1,2,0,0,-2992.92114257812,,1,1,0,0,0
,41,17,0,0,0,0,,4296.05908203125,6705.53076171875,4770.13525390625,5090.6669921875,5039.50732421875,4689.49755859375,0,0,0,0,743.4482421875,,1,,0,0,0
,45,11,1,0,1,0,,3141.4931640625,2213.16381835938,0,0,0,0,0,2,1,0,-3141.4931640625,,1,,0,0,0
,24,12,0,0,1,0,,2148.02954101562,0,0,26598.55078125,5315.35400390625,9277.388671875,1,1,0,0,3167.32446289062,,1,1,0,0,0
,41,12,0,0,1,0,,8538.4169921875,1523.98425292969,7870.7236328125,3339.59594726562,795.711669921875,6799.771484375,0,4,0,0,-7742.705078125,,1,,0,0,0
,23,10,1,0,0,0,,7160.09814453125,11853.2109375,19080.541015625,11378.26953125,6498.31201171875,11723.7431640625,0,0,0,0,-661.7861328125,,1,,0,0,0
,54,12,0,0,1,0,,2470.23388671875,5283.1455078125,7043.89990234375,957.5478515625,588.82666015625,1563.16577148438,0,0,0,0,-1881.4072265625,,1,,0,0,0
,43,12,0,0,1,0,,8994.8740234375,10136.1884765625,8904.2529296875,0,0,7815.8291015625,0,4,0,0,-8994.8740234375,,1,,0,0,0
,33,12,0,1,0,0,,15394.2119140625,13546.5263671875,9540.2705078125,8866.18359375,7957.11669921875,13091.513671875,0,0,0,0,-7437.09521484375,,1,,0,0,0
,32,12,0,0,1,0,,13425.1845703125,15239.8427734375,19080.541015625,19801.14453125,19627.5546875,16217.845703125,1,3,0,0,6202.3701171875,,1,1,0,0,0
,25,14,0,0,0,0,,17721.244140625,11006.552734375,5724.16259765625,5171.9404296875,29176.09375,11723.7431640625,0,0,0,0,11454.849609375,,1,,0,0,0
,24,16,0,0,0,0,,18616.255859375,16933.158203125,16218.4599609375,18471.216796875,9946.3955078125,15827.0537109375,0,0,0,0,-8669.8603515625,,1,,0,0,0
,46,10,1,0,0,0,,15653.7646484375,4544.85986328125,15900.451171875,3842.01293945312,3448.083984375,23447.486328125,0,1,0,0,-12205.6806640625,,1,,0,0,0
,29,9,1,0,1,0,,9845.1357421875,11683.87890625,12243.34765625,12238.2890625,12623.9658203125,8269.1474609375,0,4,0,0,2778.830078125,,1,,0,0,0
,46,11,1,0,1,0,,10740.1474609375,11853.2109375,15582.4423828125,8866.18359375,0,15862.224609375,0,6,0,0,-10740.1474609375,,1,,0,0,0
,36,15,0,0,0,0,,22214.205078125,22013.10546875,20670.5859375,23643.15625,13261.861328125,19539.572265625,0,1,0,0,-8952.34375,,1,,0,0,0
,26,17,0,0,0,0,,8055.11083984375,8127.916015625,9540.2705078125,15072.5126953125,13924.9541015625,2540.14453125,0,0,0,0,5869.84326171875,,1,,0,0,0
,25,16,0,0,0,0,,17184.236328125,17610.484375,16921.259765625,17362.943359375,19184.607421875,16804.033203125,0,0,0,0,2000.37109375,,1,,0,0,0
,38,12,0,0,1,0,,21480.294921875,27093.052734375,20352.578125,1261.95349121094,12371.990234375,19818.98828125,0,3,0,0,-9108.3046875,,1,,0,0,0
,52,9,1,0,1,0,,21480.294921875,20319.7890625,4102.31640625,0,0,16217.845703125,0,0,0,0,-21480.294921875,,1,,0,0,0
,37,10,1,0,1,0,,537.007385253906,0,0,0,0,0,1,4,1,0,-537.007385253906,,1,1,0,0,0
,21,10,1,0,1,0,,0,0,0,0,0,0,0,2,1,1,0,,1,,0,0,0
,45,11,1,0,1,0,,6265.0859375,5079.947265625,6042.17138671875,7092.94677734375,5569.9814453125,4396.40380859375,0,0,0,0,-695.1044921875,,1,,0,0,0
,46,7,1,0,1,0,,1825.82507324219,1761.04846191406,2067.05859375,1270.81970214844,0,0,0,2,1,0,-1825.82507324219,,1,,0,0,0
,51,12,0,0,0,0,,5907.0810546875,6773.26318359375,4770.13525390625,5319.71044921875,6630.9306640625,7034.24609375,0,1,0,0,723.849609375,,1,,0,0,0
,27,8,1,0,0,0,,161.10221862793,0,0,1034.38806152344,2450.7919921875,3321.72729492188,1,2,0,0,2289.68969726562,,1,1,0,0,0
,50,10,1,0,0,0,,9666.1328125,9245.50390625,9699.275390625,9740.98046875,9415.921875,9965.181640625,0,0,0,0,-250.2109375,,1,,0,0,0
,45,12,0,0,0,0,,10740.1474609375,14393.1845703125,16218.4599609375,15515.8212890625,14588.046875,11723.7431640625,0,4,0,0,3847.8994140625,,1,,0,0,0
,45,9,1,0,1,0,,0,0,0,0,0,0,1,2,1,1,0,,1,1,0,0,0
,48,9,1,0,0,0,,0,0,0,0,0,0,0,1,1,1,0,,1,,0,0,0
,52,7,1,0,1,0,,2237.53076171875,4444.9541015625,1113.03161621094,531.971008300781,0,586.187194824219,0,1,0,0,-2237.53076171875,,1,,0,0,0
,25,12,0,0,1,0,,12351.169921875,13546.5263671875,12720.361328125,12634.3115234375,12200.912109375,13208.7509765625,0,1,0,0,-150.2578125,,1,,0,0,0
,46,12,0,0,1,0,,5907.0810546875,7586.0546875,6487.38427734375,5556.1416015625,6630.9306640625,7425.03759765625,0,1,0,0,723.849609375,,1,,0,0,0
,27,12,0,0,1,0,,8950.123046875,6773.26318359375,4770.13525390625,7477.1484375,8885.447265625,2735.54028320312,0,2,0,0,-64.67578125,,1,,0,0,0
,47,10,1,0,0,0,,0,169.331588745117,0,0,0,0,0,1,1,1,0,,1,,0,0,0
,47,12,0,0,1,0,,0,0,0,0,0,0,1,3,1,1,0,,1,1,0,0,0
,35,17,0,0,0,0,,27745.380859375,27939.7109375,25440.72265625,28076.248046875,25197.537109375,25792.236328125,0,0,0,0,-2547.84375,,1,,0,0,0
,21,9,1,0,0,1,,0,507.994750976562,0,0,0,0,1,2,1,1,0,,1,1,0,0,0
,20,13,0,0,1,0,,5549.076171875,8466.5791015625,5565.158203125,9457.2626953125,12598.7685546875,2344.74877929688,1,1,0,0,7049.6923828125,,1,1,0,0,0
,46,6,1,0,1,0,,0,0,0,0,19892.791015625,0,0,0,1,1,19892.791015625,,1,,0,0,0
,53,12,0,0,0,0,,13604.1865234375,10159.89453125,9381.2666015625,10639.4208984375,10609.4892578125,12114.53515625,0,2,0,0,-2994.697265625,,1,,0,0,0
,53,12,0,0,0,0,,4385.56005859375,3386.63159179688,1853.99267578125,3842.01293945312,278.499084472656,390.791442871094,0,0,0,0,-4107.06103515625,,1,,0,0,0
,52,10,1,0,0,0,,14946.705078125,14731.84765625,13515.3837890625,5615.24951171875,0,15436.2626953125,0,0,0,0,-14946.705078125,,1,,0,0,0
,49,13,0,0,1,0,,0,3650.78881835938,7950.2255859375,16121.677734375,22676.45703125,0,1,3,1,1,22676.45703125,,1,1,0,0,0
,23,12,0,0,1,0,,5119.47021484375,0,1431.04064941406,9610.943359375,6145.54638671875,5785.66748046875,1,1,0,0,1026.076171875,,1,1,0,0,0
,48,11,1,0,1,0,,7992.4599609375,7873.91845703125,7883.44384765625,6649.6376953125,8495.5478515625,5803.2529296875,0,0,0,0,503.087890625,,1,,0,0,0
,31,11,1,0,1,0,,5370.07373046875,7450.58984375,7473.2119140625,5910.7890625,7294.0234375,9378.9951171875,0,2,0,0,1923.94970703125,,1,,0,0,0
,27,17,0,0,1,0,,26850.369140625,32511.6640625,33390.94921875,38420.12890625,39785.58203125,29700.150390625,0,0,0,0,12935.212890625,,1,,0,0,0
,23,12,0,0,1,0,,8413.115234375,6773.26318359375,3975.11279296875,0,0,11528.34765625,0,2,0,0,-8413.115234375,,1,,0,0,0
,24,10,1,0,1,0,,0,0,0,0,0,0,0,2,1,1,0,,1,,0,0,0
,21,12,0,0,1,0,,1288.81774902344,1185.32104492188,3922.64135742188,5151.2529296875,6043.43017578125,0,0,0,1,0,4754.6123046875,,1,,0,0,0
,49,12,0,0,1,0,,17900.24609375,20319.7890625,17331.4921875,19210.064453125,17240.419921875,16022.44921875,0,0,0,0,-659.826171875,,1,,0,0,0
,32,17,0,0,0,0,,7160.09814453125,21471.244140625,25440.72265625,23219.056640625,23871.349609375,4884.89306640625,0,3,0,0,16711.251953125,,1,,0,0,0
,54,8,1,0,0,0,,0,0,0,0,0,0,0,1,1,1,0,,1,,0,0,0
,52,9,1,0,1,0,,2148.02954101562,0,2925.68310546875,2837.1787109375,212.18977355957,2198.20190429688,1,1,0,0,-1935.83972167969,,1,1,0,0,0
,32,12,0,0,1,0,,8629.708984375,5079.947265625,392.741149902344,2776.59326171875,8909.318359375,9965.181640625,1,2,0,0,279.609375,,1,1,0,0,0
,30,12,0,0,1,0,,14459.818359375,15720.744140625,15439.337890625,25120.853515625,13261.861328125,15242.8203125,0,2,0,0,-1197.95703125,,1,,0,0,0
,21,11,1,0,1,0,,0,846.657897949219,0,0,2652.37231445312,1520.1787109375,0,1,0,1,2652.37231445312,,1,,0,0,0
,27,12,0,0,0,0,,9845.1357421875,14054.521484375,13178.2939453125,13151.505859375,12694.25390625,12759.3408203125,0,0,0,0,2849.1181640625,,1,,0,0,0
,45,12,0,0,1,0,,6981.095703125,11622.919921875,10697.8232421875,14261.2568359375,10133.3876953125,10434.1318359375,0,2,0,0,3152.2919921875,,1,,0,0,0
,49,12,0,0,0,0,,18492.744140625,19852.435546875,20101.3515625,19787.84375,18746.966796875,16608.63671875,0,0,0,0,254.22265625,,1,,0,0,0
,29,11,1,0,0,0,,15036.20703125,18626.474609375,17490.49609375,20687.76171875,18566.60546875,15045.470703125,0,2,0,0,3530.3984375,,1,,0,0,0
,41,12,0,0,1,0,,20048.275390625,19473.1328125,19080.541015625,16993.51953125,15914.2333984375,17194.82421875,0,3,0,0,-4134.0419921875,,1,,0,0,0
,45,11,1,0,1,0,,23270.3203125,22013.10546875,23225.7890625,23643.15625,23473.494140625,21493.529296875,0,1,0,0,203.173828125,,1,,0,0,0
,52,12,0,0,1,0,,7813.45751953125,10159.89453125,7950.2255859375,7802.24169921875,7970.37841796875,7620.43310546875,0,3,0,0,156.9208984375,,1,,0,0,0
,23,12,0,0,1,0,,0,11006.552734375,7950.2255859375,14776.97265625,7957.11669921875,762.043334960938,1,3,0,1,7957.11669921875,,1,1,0,0,0
,34,7,1,0,1,0,,0,0,0,0,0,0,1,4,1,1,0,,1,1,0,0,0
,41,10,1,0,1,0,,7904.74853515625,4063.9580078125,4334.462890625,2955.39453125,4243.79541015625,14377.2177734375,1,2,0,0,-3660.953125,,1,1,0,0,0
,43,11,1,0,1,0,,0,0,0,2364.31567382812,3654.96899414062,0,1,6,1,1,3654.96899414062,,1,1,0,0,0
,31,12,0,0,1,0,,0,0,0,0,0,0,0,3,1,1,0,,1,,0,0,0
,27,17,0,0,0,0,,20227.27734375,20997.115234375,22435.537109375,22165.458984375,29176.09375,19359.80859375,0,0,0,0,8948.81640625,,1,,0,0,0
,22,12,0,0,0,0,,358.004913330078,507.994750976562,79.5022583007812,591.078918457031,0,7034.24609375,0,0,0,0,-358.004913330078,,1,,0,0,0
,31,17,0,0,0,0,,5584.876953125,3047.96850585938,9540.2705078125,13594.8154296875,16146.31640625,8206.6201171875,0,0,0,0,10561.439453125,,1,,0,0,0
,40,11,1,0,1,0,,0,0,1431.04064941406,3086.90966796875,13394.4794921875,0,1,2,1,1,13394.4794921875,,1,1,0,0,0
,53,6,1,0,0,0,,0,0,0,0,0,0,0,2,1,1,0,,1,,0,0,0
,50,9,1,0,1,0,,3866.453125,0,0,0,0,8597.412109375,0,0,0,0,-3866.453125,,1,,0,0,0
,37,12,0,0,1,0,,0,6189.0693359375,6239.3369140625,6058.55908203125,6174.72265625,4914.20263671875,1,5,0,1,6174.72265625,,1,1,0,0,0
,28,8,1,0,0,0,,0,0,9921.8818359375,2955.39453125,0,0,1,5,1,1,0,,1,1,0,0,0
,48,7,1,0,1,0,,0,0,0,0,0,0,0,1,1,1,0,,1,,0,0,0
,53,10,1,0,1,0,,4296.05908203125,1354.65270996094,3307.2939453125,1994.89135742188,2339.39233398438,7034.24609375,0,1,0,0,-1956.66674804688,,1,,0,0,0
,39,8,1,0,1,0,,0,0,0,0,0,0,0,3,1,1,0,,1,,0,0,0
,51,12,0,0,0,0,,16468.2265625,17610.484375,16854.478515625,14776.97265625,15914.2333984375,15827.0537109375,0,0,0,0,-553.9931640625,,1,,0,0,0
,24,16,0,0,0,0,,14076.7529296875,19473.1328125,17490.49609375,22165.458984375,10824.3310546875,15729.35546875,0,0,0,0,-3252.421875,,1,,0,0,0
,50,10,1,0,1,0,,0,0,0,0,0,0,1,1,1,1,0,,1,1,0,0,0
,28,12,0,1,1,0,,0,0,0,0,0,0,1,6,1,1,0,,1,1,0,0,0
,51,7,1,0,1,0,,4654.06396484375,6773.26318359375,1141.65246582031,2996.77001953125,5072.662109375,7815.8291015625,0,0,0,0,418.59814453125,,1,,0,0,0
,27,12,0,0,1,0,,0,0,0,0,0,0,1,2,1,1,0,,1,1,0,0,0
,35,10,1,0,1,0,,0,0,0,0,0,0,1,2,1,1,0,,1,1,0,0,0
,35,8,1,0,1,0,,10740.1474609375,11853.2109375,14310.40625,10343.880859375,10609.4892578125,8792.8076171875,0,1,0,0,-130.658203125,,1,,0,0,0
,22,12,0,0,1,0,,12530.171875,15239.8427734375,14310.40625,3516.91943359375,11935.6748046875,13677.701171875,0,0,0,0,-594.4970703125,,1,,0,0,0
,43,12,0,0,1,0,,14320.1962890625,13546.5263671875,13515.3837890625,15175.951171875,15914.2333984375,13677.701171875,0,3,0,0,1594.037109375,,1,,0,0,0
,37,7,1,0,0,0,,0,0,0,499.461669921875,1903.07702636719,0,1,4,1,1,1903.07702636719,,1,1,0,0,0
,38,11,1,0,1,0,,13425.1845703125,14950.28515625,15900.451171875,14776.97265625,14588.046875,13482.3046875,0,0,0,0,1162.8623046875,,1,,0,0,0
,45,11,1,0,1,0,,463.616363525391,0,349.809936523438,4433.091796875,4654.9130859375,500.213043212891,0,2,0,0,4191.296875,,1,,0,0,0
,55,11,1,1,0,0,,21480.294921875,20319.7890625,14310.40625,8127.3349609375,0,20516.55078125,0,0,0,0,-21480.294921875,,1,,0,0,0
,33,16,0,0,0,0,,25060.34375,23706.421875,23850.677734375,26598.55078125,25462.7734375,25401.4453125,0,0,0,0,402.4296875,,1,,0,0,0
,21,12,0,0,1,0,,0,0,0,0,0,0,1,1,1,1,0,,1,1,0,0,0
,54,8,1,0,1,0,,6265.0859375,8466.5791015625,7632.216796875,9235.6083984375,9084.375,5861.87158203125,0,1,0,0,2819.2890625,,1,,0,0,0
,25,12,0,0,0,0,,12530.171875,15239.8427734375,19742,18471.216796875,18566.60546875,12700.72265625,0,0,0,0,6036.43359375,,1,,0,0,0
,48,12,0,0,0,0,,16110.2216796875,17718.857421875,17490.49609375,19505.603515625,21484.21484375,15631.658203125,0,1,0,0,5373.9931640625,,1,,0,0,0
,21,13,0,0,1,0,,9487.1298828125,9482.568359375,10494.2978515625,12462.8984375,11272.58203125,9847.9443359375,0,0,0,0,1785.4521484375,,1,,0,0,0
,54,12,0,0,0,0,,15501.61328125,0,0,0,0,19813.126953125,0,0,0,0,-15501.61328125,,1,,0,0,0
,25,13,0,0,1,0,,10858.2890625,11785.478515625,10573.7998046875,11821.578125,11935.6748046875,8597.412109375,1,2,0,0,1077.3857421875,,1,1,0,0,0
,51,10,1,0,1,0,,0,0,0,738.8486328125,4401.61181640625,0,1,4,1,1,4401.61181640625,,1,1,0,0,0
,47,11,1,0,1,0,,10740.1474609375,10159.89453125,10462.4970703125,9161.72265625,13261.861328125,11082.845703125,0,1,0,0,2521.7138671875,,1,,0,0,0
,27,12,0,0,1,0,,5475.68505859375,0,13801.591796875,29553.9453125,30767.517578125,13677.701171875,0,1,0,0,25291.83203125,,1,,0,0,0
,24,16,0,0,1,0,,17900.24609375,16933.158203125,12720.361328125,14776.97265625,17240.419921875,20516.55078125,0,0,0,0,-659.826171875,,1,,0,0,0
,28,15,0,0,1,0,,13604.1865234375,11683.87890625,16695.474609375,17318.611328125,16546.82421875,15631.658203125,0,2,0,0,2942.6376953125,,1,,0,0,0
,20,12,0,0,0,0,,12530.171875,8483.5126953125,4770.13525390625,11526.0390625,0,8988.203125,0,0,0,0,-12530.171875,,1,,0,0,0
,54,7,1,0,1,0,,0,0,0,0,0,0,0,4,1,1,0,,1,,0,0,0
,26,12,0,0,1,0,,3759.0517578125,3386.63159179688,0,0,0,7815.8291015625,0,0,0,0,-3759.0517578125,,1,,0,0,0
,24,11,1,0,1,0,,7160.09814453125,5079.947265625,2067.05859375,2955.39453125,663.093078613281,9769.7861328125,0,2,0,0,-6497.0048828125,,1,,0,0,0
,23,11,1,0,1,0,,6164.8447265625,3386.63159179688,8292.0849609375,7388.486328125,5569.9814453125,7456.30078125,0,0,0,0,-594.86328125,,1,,0,0,0
,36,12,0,0,0,0,,8950.123046875,0,10017.2841796875,3250.93408203125,5967.83740234375,0,0,0,1,0,-2982.28564453125,,1,,0,0,0
,20,12,0,0,1,0,,16647.228515625,18111.705078125,15900.451171875,16254.669921875,16312.0888671875,8402.0166015625,0,0,0,0,-335.1396484375,,1,,0,0,0
,30,12,0,0,1,0,,18795.2578125,18626.474609375,19875.564453125,19210.064453125,20953.740234375,21102.73828125,0,0,0,0,2158.482421875,,1,,0,0,0
,25,9,1,0,1,0,,0,8466.5791015625,11050.8134765625,0,6213.18212890625,0,1,4,1,1,6213.18212890625,,1,1,0,0,0
,48,12,0,0,1,0,,9845.1357421875,13546.5263671875,12720.361328125,11821.578125,4978.50244140625,10160.578125,1,1,0,0,-4866.63330078125,,1,1,0,0,0
,28,14,0,0,1,0,,10632.74609375,12191.8740234375,11766.333984375,13151.505859375,11803.056640625,11528.34765625,0,0,0,0,1170.310546875,,1,,0,0,0
,22,16,0,0,1,0,,0,0,7950.2255859375,9752.8017578125,11935.6748046875,0,0,0,1,1,11935.6748046875,,1,,0,0,0
,23,13,0,0,1,0,,331.154541015625,1596.796875,104.942977905273,443.309173583984,1348.73132324219,0,0,2,1,0,1017.57678222656,,1,,0,0,0
,30,12,0,0,1,0,,0,0,0,886.618347167969,0,0,1,3,1,1,0,,1,1,0,0,0
,42,12,0,0,0,0,,30251.416015625,31326.341796875,31800.90234375,32066.03125,30767.517578125,23447.486328125,0,0,0,0,516.1015625,,1,,0,0,0
,23,12,0,0,1,0,,9875.5654296875,10159.89453125,15105.4287109375,11922.0615234375,11935.6748046875,8753.728515625,0,1,0,0,2060.109375,,1,,0,0,0
,46,6,1,1,0,0,,0,253.997375488281,572.416259765625,0,79.5711669921875,0,1,2,1,1,79.5711669921875,,1,1,0,0,0
,48,10,1,0,1,0,,17431.259765625,16255.83203125,17150.2265625,15926.62109375,15606.55859375,16413.240234375,0,0,0,0,-1824.701171875,,1,,0,0,0
,22,12,0,0,0,0,,2062.1083984375,10498.5576171875,9858.2802734375,13299.275390625,13261.861328125,1758.5615234375,0,0,0,0,11199.7529296875,,1,,0,0,0
,41,12,0,0,1,0,,1790.02453613281,0,14310.40625,20539.9921875,19826.482421875,3517.123046875,1,2,0,0,18036.45703125,,1,1,0,0,0
,25,14,0,0,1,0,,7160.09814453125,20319.7890625,16886.279296875,0,0,21493.529296875,0,0,0,0,-7160.09814453125,,1,,0,0,0
,50,12,0,0,0,0,,4296.05908203125,2555.21362304688,6148.70458984375,6023.09423828125,5790.12841796875,7655.6044921875,0,0,0,0,1494.0693359375,,1,,0,0,0
,35,11,1,0,1,0,,5146.32080078125,6773.26318359375,3038.576171875,2073.20922851562,7999.5546875,2741.40209960938,0,0,0,0,2853.23388671875,,1,,0,0,0
,27,9,1,0,1,0,,7160.09814453125,11006.552734375,10907.7099609375,9161.72265625,1722.7158203125,8835.794921875,0,3,0,0,-5437.38232421875,,1,,0,0,0
,38,11,1,0,1,0,,15752.216796875,15070.5107421875,14428.0693359375,17732.3671875,15542.9013671875,15830.9619140625,0,2,0,0,-209.3154296875,,1,,0,0,0
,21,11,1,0,1,0,,0,5926.60546875,4929.14013671875,6708.74560546875,1591.42333984375,0,1,2,1,1,1591.42333984375,,1,1,0,0,0
,21,16,0,0,0,0,,21480.294921875,10159.89453125,18444.5234375,17732.3671875,18699.224609375,0,0,0,1,0,-2781.0703125,,1,,0,0,0
,32,12,0,0,0,0,,12530.171875,11853.2109375,11130.31640625,14776.97265625,14588.046875,14263.8876953125,0,0,0,0,2057.875,,1,,0,0,0
,25,12,0,0,0,0,,8950.123046875,13180.7705078125,3180.09033203125,4433.091796875,9283.302734375,15631.658203125,0,0,0,0,333.1796875,,1,,0,0,0
,37,11,1,0,1,0,,5119.47021484375,1195.48095703125,1190.94384765625,3694.2431640625,4177.486328125,5181.89453125,0,0,0,0,-941.98388671875,,1,,0,0,0
,51,12,0,0,1,0,,0,0,0,0,0,0,0,2,1,1,0,,1,,0,0,0
,28,11,1,0,1,0,,13425.1845703125,14731.84765625,12720.361328125,14038.1240234375,13261.861328125,13677.701171875,0,2,0,0,-163.3232421875,,1,,0,0,0
,50,12,0,0,0,0,,17363.23828125,16933.158203125,17490.49609375,16993.51953125,13261.861328125,17585.615234375,0,0,0,0,-4101.376953125,,1,,0,0,0
,23,16,0,0,0,0,,19690.271484375,24553.080078125,27746.287109375,26598.55078125,26523.72265625,13286.9091796875,0,0,0,0,6833.451171875,,1,,0,0,0
,22,10,1,0,1,0,,4009.65502929688,5079.947265625,8745.248046875,7979.5654296875,10476.8701171875,9378.9951171875,1,2,0,0,6467.21484375,,1,1,0,0,0
,26,12,0,0,1,0,,2044.20812988281,0,464.293182373047,8408.09765625,448.250915527344,0,1,2,1,0,-1595.95727539062,,1,1,0,0,0
,55,9,1,0,0,0,,0,514.768005371094,6368.130859375,8100.736328125,4299.49560546875,0,0,0,1,1,4299.49560546875,,1,,0,0,0
,35,13,0,0,1,0,,19690.271484375,20319.7890625,23850.677734375,23643.15625,22545.1640625,21493.529296875,0,3,0,0,2854.892578125,,1,,0,0,0
,47,12,0,0,1,0,,0,0,0,0,0,1250.53259277344,1,1,0,1,0,,1,1,0,0,0
,33,10,1,0,1,0,,6086.08349609375,16933.158203125,14310.40625,14776.97265625,15430.17578125,3505.3994140625,1,1,0,0,9344.091796875,,1,1,0,0,0
,55,11,1,0,1,0,,16955.11328125,16037.39453125,16014.9345703125,13299.275390625,17638.275390625,10746.7646484375,0,0,0,0,683.162109375,,1,,0,0,0
,40,12,0,0,0,0,,25685.0625,23706.421875,27945.04296875,33607.26953125,24136.587890625,27941.587890625,0,0,0,0,-1548.474609375,,1,,0,0,0
,48,9,1,0,1,0,,6086.08349609375,8453.0322265625,7950.2255859375,7388.486328125,7957.11669921875,8792.8076171875,0,0,0,0,1871.033203125,,1,,0,0,0
,55,10,1,0,0,0,,0,0,0,0,0,0,0,0,1,1,0,,1,,0,0,0
,22,14,0,0,0,0,,8592.1181640625,4402.62109375,9754.9267578125,10343.880859375,14509.802734375,11723.7431640625,0,0,0,0,5917.6845703125,,1,,0,0,0
,36,17,0,0,0,0,,5719.12841796875,8466.5791015625,5444.314453125,10343.880859375,5901.5283203125,2102.4580078125,0,0,0,0,182.39990234375,,1,,0,0,0
,40,10,1,0,0,0,,7322.99072265625,4571.95263671875,7271.2763671875,7524.4345703125,7824.498046875,7811.9208984375,0,2,0,0,501.50732421875,,1,,0,0,0
,35,11,1,0,1,0,,7876.1083984375,8127.916015625,8514.69140625,7092.94677734375,5077.966796875,3517.123046875,1,4,0,0,-2798.1416015625,,1,1,0,0,0
,35,12,0,0,1,0,,14320.1962890625,16425.1640625,15105.4287109375,11082.7294921875,11935.6748046875,15240.8662109375,0,3,0,0,-2384.521484375,,1,,0,0,0
,23,17,0,0,0,0,,2685.03686523438,3928.49267578125,13594.8857421875,13668.7001953125,10609.4892578125,1016.05780029297,0,0,0,0,7924.4521484375,,1,,0,0,0
,54,12,0,0,1,0,,0,0,0,0,0,0,0,0,1,1,0,,1,,0,0,0
,55,8,1,0,0,0,,7978.1396484375,7985.67724609375,8765.9189453125,8173.1435546875,6985.0224609375,8577.8720703125,0,0,0,0,-993.1171875,,1,,0,0,0
,41,14,0,0,0,0,,11993.1650390625,11812.5712890625,13270.5166015625,13089.4423828125,13735.3095703125,3126.33154296875,0,0,0,0,1742.14453125,,1,,0,0,0
,39,12,0,0,1,0,,0,0,1844.45239257812,0,0,0,1,5,1,1,0,,1,1,0,0,0
,44,7,1,0,1,0,,0,0,0,0,0,500.213043212891,1,4,0,1,0,,1,1,0,0,0
,43,16,0,1,0,0,,17721.244140625,21132.58203125,19716.560546875,23643.15625,24932.298828125,20125.759765625,0,2,0,0,7211.0546875,,1,,0,0,0
,52,11,1,0,1,0,,5370.07373046875,5232.345703125,6423.7822265625,6590.52978515625,2249.21166992188,5861.87158203125,0,0,0,0,-3120.86206054688,,1,,0,0,0
,43,12,0,0,1,0,,4863.49658203125,4160.47705078125,6568.4765625,4580.861328125,8076.4736328125,2344.74877929688,0,3,0,0,3212.97705078125,,1,,0,0,0
,45,9,1,0,0,0,,10024.1376953125,13207.86328125,12084.3427734375,13151.505859375,8487.5908203125,10746.7646484375,0,0,0,0,-1536.546875,,1,,0,0,0
,31,10,1,0,1,0,,0,0,0,0,0,0,1,5,1,1,0,,1,1,0,0,0
,44,11,1,0,1,0,,2149.81958007812,3386.63159179688,4770.13525390625,7684.02587890625,5039.50732421875,5861.87158203125,1,2,0,0,2889.68774414062,,1,1,0,0,0
,44,12,0,0,1,0,,16110.2216796875,17610.484375,16695.474609375,13299.275390625,15914.2333984375,17067.81640625,0,1,0,0,-195.98828125,,1,,0,0,0
,26,16,0,0,1,0,,17900.24609375,18626.474609375,17490.49609375,16254.669921875,13261.861328125,18099.505859375,0,1,0,0,-4638.384765625,,1,,0,0,0
,33,14,0,0,1,0,,0,0,71.5520324707031,0,5172.1259765625,0,1,3,1,1,5172.1259765625,,1,1,0,0,0
,39,6,1,0,1,0,,0,0,0,0,0,0,0,4,1,1,0,,1,,0,0,0
,34,11,1,0,1,0,,12530.171875,3352.76538085938,2337.36645507812,13987.8828125,11139.962890625,10930.4365234375,0,4,0,0,-1390.208984375,,1,,0,0,0
,42,14,0,0,0,0,,12530.171875,13411.0615234375,15900.451171875,17971.75390625,18566.60546875,13677.701171875,0,2,0,0,6036.43359375,,1,,0,0,0
,42,12,0,0,1,0,,11778.3623046875,7958.58447265625,8827.9306640625,9102.615234375,8461.0673828125,13456.9033203125,0,2,0,0,-3317.294921875,,1,,0,0,0
,52,7,1,0,0,0,,13067.1796875,13842.8564453125,14310.40625,13003.736328125,13261.861328125,12474.0634765625,0,0,0,0,194.681640625,,1,,0,0,0
,46,15,0,0,0,0,,23986.330078125,23706.421875,24327.69140625,23938.6953125,23141.947265625,21493.529296875,0,1,0,0,-844.3828125,,1,,0,0,0
,54,8,1,0,1,0,,1253.01721191406,0,0,0,3182.8466796875,14060.6767578125,0,1,0,0,1929.82946777344,,1,,0,0,0
,28,6,1,0,1,0,,0,0,0,0,0,1758.5615234375,1,3,0,1,0,,1,1,0,0,0
,44,16,0,0,0,0,,22375.306640625,18626.474609375,19080.541015625,19210.064453125,15251.140625,17585.615234375,0,2,0,0,-7124.166015625,,1,,0,0,0
,29,16,0,0,0,0,,24702.33984375,25260.884765625,24609.12890625,24973.083984375,23340.875,23447.486328125,0,0,0,0,-1361.46484375,,1,,0,0,0
,32,12,0,0,1,0,,16647.228515625,15898.5419921875,14787.419921875,14776.97265625,22545.1640625,15631.658203125,0,3,0,0,5897.935546875,,1,,0,0,0
,25,17,0,0,0,0,,21480.294921875,22013.10546875,22731.28515625,22690.041015625,23208.2578125,19539.572265625,0,0,0,0,1727.962890625,,1,,0,0,0
,44,9,1,0,1,0,,8382.685546875,4978.3486328125,7967.71630859375,3614.44750976562,5188.0400390625,8206.6201171875,0,1,0,0,-3194.6455078125,,1,,0,0,0
,23,11,1,0,1,0,,0,0,0,1921.00646972656,1379.23352050781,928.129699707031,1,2,0,1,1379.23352050781,,1,1,0,0,0
,33,14,0,0,0,0,,12172.1669921875,12124.1416015625,15900.451171875,18471.216796875,18566.60546875,12700.72265625,0,1,0,0,6394.4384765625,,1,,0,0,0
,39,12,0,0,0,0,,28103.38671875,29294.36328125,32594.3359375,32077.853515625,27849.908203125,27746.193359375,0,0,0,0,-253.478515625,,1,,0,0,0
,36,11,1,0,1,0,,12879.2265625,14742.0078125,19080.541015625,16993.51953125,16099.8994140625,11276.287109375,0,1,0,0,3220.6728515625,,1,,0,0,0
,36,12,0,0,0,0,,13425.1845703125,15239.8427734375,17490.49609375,19505.603515625,17240.419921875,13091.513671875,0,2,0,0,3815.2353515625,,1,,0,0,0
,33,12,0,0,1,0,,12349.3798828125,9624.806640625,10621.501953125,7802.24169921875,16709.9453125,11010.548828125,0,0,0,0,4360.5654296875,,1,,0,0,0
,38,12,0,0,0,0,,14320.1962890625,12191.8740234375,12020.7412109375,11540.8154296875,11670.4375,12603.0244140625,0,1,0,0,-2649.7587890625,,1,,0,0,0
,43,12,0,0,1,0,,0,0,0,0,0,0,1,2,1,1,0,,1,1,0,0,0
,55,5,1,0,1,0,,0,5472.796875,6201.17626953125,5763.01953125,6527.48828125,0,1,1,1,1,6527.48828125,,1,1,0,0,0
,22,9,1,0,1,0,,0,2302.90942382812,3180.09033203125,4433.091796875,2385.80883789062,293.093597412109,1,2,0,1,2385.80883789062,,1,1,0,0,0
,43,11,1,0,1,0,,0,0,0,4610.41552734375,0,0,1,4,1,1,0,,1,1,0,0,0
,25,11,1,0,1,0,,644.408874511719,8453.0322265625,1590.04516601562,8866.18359375,10442.3896484375,4003.65844726562,1,4,0,0,9797.98046875,,1,1,0,0,0
,30,10,1,0,1,0,,0,8635.9111328125,9858.2802734375,10284.7734375,25197.537109375,0,1,1,1,1,25197.537109375,,1,1,0,0,0
,23,12,0,0,1,0,,12530.171875,7789.2529296875,7214.03466796875,4433.091796875,0,9349.685546875,0,0,0,0,-12530.171875,,1,,0,0,0
,46,11,1,0,1,0,,0,0,0,0,0,0,0,0,1,1,0,,1,,0,0,0
,30,12,0,0,1,0,,13962.19140625,13472.0205078125,14310.40625,11821.578125,11935.6748046875,15027.8857421875,1,2,0,0,-2026.5166015625,,1,1,0,0,0
,25,17,0,0,0,0,,15931.21875,20319.7890625,17299.69140625,13299.275390625,29176.09375,17548.490234375,0,0,0,0,13244.875,,1,,0,0,0
,52,10,1,0,1,0,,0,0,0,0,0,0,0,5,1,1,0,,1,,0,0,0
,35,11,1,0,1,0,,1611.02209472656,0,0,0,0,0,0,7,1,0,-1611.02209472656,,1,,0,0,0
,53,15,0,0,1,0,,0,0,0,2955.39453125,1591.42333984375,0,1,4,1,1,1591.42333984375,,1,1,0,0,0
,47,11,1,0,1,0,,0,0,0,0,0,11567.4267578125,0,0,0,1,0,,1,,0,0,0
,39,12,0,0,0,0,,16289.2236328125,15581.892578125,15423.4375,16068.48046875,15773.6572265625,16022.44921875,0,2,0,0,-515.56640625,,1,,0,0,0
,27,14,0,0,0,0,,21480.294921875,20319.7890625,20670.5859375,22165.458984375,22545.1640625,21044.119140625,0,0,0,0,1064.869140625,,1,,0,0,0
,21,12,0,1,1,0,,8592.1181640625,5926.60546875,11448.3251953125,6649.6376953125,11670.4375,9046.822265625,0,0,0,0,3078.3193359375,,1,,0,0,0
,29,12,0,0,1,0,,8771.1201171875,9482.568359375,10017.2841796875,9235.6083984375,10543.1796875,9683.8125,0,4,0,0,1772.0595703125,,1,,0,0,0
,42,12,0,0,1,0,,4530.55224609375,4702.337890625,6042.17138671875,5528.0654296875,7113.662109375,5080.2890625,0,1,0,0,2583.10986328125,,1,,0,0,0
,20,12,0,1,1,0,,4475.0615234375,9482.568359375,10335.29296875,10343.880859375,13129.2421875,3126.33154296875,0,1,0,0,8654.1806640625,,1,,0,0,0
,24,12,0,0,1,0,,16289.2236328125,16933.158203125,15264.43359375,14776.97265625,14588.046875,11723.7431640625,0,0,0,0,-1701.1767578125,,1,,0,0,0
,28,9,1,0,1,0,,6802.09326171875,8466.5791015625,7950.2255859375,6620.083984375,5967.83740234375,7034.24609375,0,3,0,0,-834.255859375,,1,,0,0,0
,22,11,1,0,1,0,,5928.5615234375,8127.916015625,7840.5126953125,8866.18359375,0,4884.89306640625,1,2,0,0,-5928.5615234375,,1,1,0,0,0
,40,11,1,0,1,0,,11724.6611328125,8581.724609375,7632.216796875,11230.4990234375,10262.0283203125,7722.0390625,1,6,0,0,-1462.6328125,,1,1,0,0,0
,49,10,1,0,1,0,,9005.61328125,6407.5068359375,6948.4970703125,6834.35009765625,8041.99267578125,9720.9375,0,6,0,0,-963.62060546875,,1,,0,0,0
,38,11,1,0,1,0,,8824.8212890625,8805.2421875,8412.9287109375,9810.4326171875,9043.2626953125,6020.14208984375,0,2,0,0,218.44140625,,1,,0,0,0
,23,12,0,0,1,0,,2473.81396484375,4876.74951171875,1901.69396972656,0,3978.55834960938,3653.90014648438,0,2,0,0,1504.74438476562,,1,,0,0,0
,28,11,1,0,1,0,,10203.140625,7619.92138671875,9540.2705078125,10343.880859375,14588.046875,3292.41796875,0,1,0,0,4384.90625,,1,,0,0,0
,40,8,1,0,1,0,,0,0,0,0,0,2344.74877929688,1,2,0,1,0,,1,1,0,0,0
,49,16,0,0,0,0,,0,1303.85314941406,8451.08984375,8442.0849609375,5967.83740234375,0,0,0,1,1,5967.83740234375,,1,,0,0,0
,38,11,1,0,0,0,,895.012268066406,711.192626953125,0,0,0,820.662048339844,1,4,0,0,-895.012268066406,,1,1,0,0,0
,29,16,0,0,0,0,,14839.3037109375,15117.923828125,15181.7509765625,20047.919921875,19831.787109375,13052.4345703125,0,0,0,0,4992.4833984375,,1,,0,0,0
,31,9,1,0,0,0,,0,2031.97900390625,0,1773.23669433594,0,0,1,3,1,1,0,,1,1,0,0,0
,23,12,0,0,1,0,,15752.216796875,16933.158203125,15641.2744140625,19062.294921875,29176.09375,12700.72265625,0,2,0,0,13423.876953125,,1,,0,0,0
,25,14,0,0,1,0,,0,0,0,0,2387.13500976562,2344.74877929688,1,2,0,1,2387.13500976562,,1,1,0,0,0
,33,15,0,0,1,0,,9111.2255859375,9482.568359375,7632.216796875,7684.02587890625,5961.20654296875,9181.6455078125,0,3,0,0,-3150.01904296875,,1,,0,0,0
,52,8,1,0,1,0,,14320.1962890625,12699.8681640625,11925.3388671875,10934.9599609375,0,11801.9013671875,0,2,0,0,-14320.1962890625,,1,,0,0,0
,39,12,0,0,0,0,,14678.201171875,13546.5263671875,15900.451171875,16254.669921875,17770.89453125,13677.701171875,0,5,0,0,3092.693359375,,1,,0,0,0
,45,4,1,0,1,0,,0,0,0,0,0,0,0,1,1,1,0,,1,,0,0,0
,36,12,0,0,1,0,,17900.24609375,18626.474609375,26712.7578125,19505.603515625,18448.57421875,20368.05078125,0,2,0,0,548.328125,,1,,0,0,0
,54,11,1,0,1,0,,2792.4384765625,2641.57275390625,6614.587890625,3073.6103515625,2068.85034179688,2930.93579101562,0,1,0,0,-723.588134765625,,1,,0,0,0
,43,10,1,0,1,0,,0,0,0,0,0,1805.45654296875,1,9,0,1,0,,1,1,0,0,0
,29,10,1,0,1,0,,3780.53198242188,6773.26318359375,3180.09033203125,5910.7890625,3713.32104492188,7815.8291015625,1,3,0,0,-67.2109375,,1,1,0,0,0
,24,11,1,0,1,0,,0,0,0,0,1989.27917480469,0,1,2,1,1,1989.27917480469,,1,1,0,0,0
,52,12,0,0,1,0,,7876.1083984375,8466.5791015625,9095.05859375,8127.3349609375,7426.64208984375,6448.05908203125,0,0,0,0,-449.46630859375,,1,,0,0,0
,53,7,1,0,0,0,,1449.919921875,846.657897949219,0,0,0,39.0791435241699,0,0,0,0,-1449.919921875,,1,,0,0,0
,54,0,1,0,1,0,,0,0,0,0,0,0,0,1,1,1,0,,1,,0,0,0
,30,11,1,0,1,0,,15925.8486328125,18626.474609375,19729.279296875,20687.76171875,19892.791015625,12347.0556640625,0,0,0,0,3966.9423828125,,1,,0,0,0
,22,12,0,0,1,0,,4009.65502929688,0,5565.158203125,13299.275390625,795.711669921875,15631.658203125,1,0,0,0,-3213.943359375,,1,1,0,0,0
,24,8,1,0,1,0,,0,0,1590.04516601562,0,0,0,0,2,1,1,0,,1,,0,0,0
,39,12,0,0,1,0,,16915.732421875,17102.490234375,16377.46484375,14038.1240234375,15251.140625,16022.44921875,0,4,0,0,-1664.591796875,,1,,0,0,0
,49,8,1,0,1,0,,13783.189453125,10159.89453125,14310.40625,15515.8212890625,8487.5908203125,11723.7431640625,0,0,0,0,-5295.5986328125,,1,,0,0,0
,49,6,1,0,1,0,,1181.41625976562,1950.69982910156,1327.68774414062,7388.486328125,5967.83740234375,3145.87109375,0,2,0,0,4786.4208984375,,1,,0,0,0
,32,12,0,0,1,0,,0,1015.98950195312,0,4373.98388671875,3586.00732421875,0,1,3,1,1,3586.00732421875,,1,1,0,0,0
,55,12,0,0,0,0,,13192.4814453125,8466.5791015625,12561.3564453125,13330.3076171875,14556.21875,12192.693359375,0,0,0,0,1363.7373046875,,1,,0,0,0
,44,15,0,0,0,0,,12888.1767578125,18626.474609375,19080.541015625,17695.42578125,0,13873.0966796875,0,1,0,0,-12888.1767578125,,1,,0,0,0
,31,9,1,0,1,0,,0,0,3498.09936523438,2256.44384765625,4917.498046875,762.043334960938,0,4,0,1,4917.498046875,,1,,0,0,0
,40,12,0,0,0,0,,11277.1552734375,12869.2001953125,11925.3388671875,11230.4990234375,11759.2919921875,12309.9306640625,0,4,0,0,482.13671875,,1,,0,0,0
,32,10,1,0,0,0,,0,0,0,0,0,0,0,2,1,1,0,,1,,0,0,0
,47,17,0,0,0,0,,43855.6015625,43179.5546875,42613.2109375,43887.609375,46283.89453125,39079.14453125,0,0,0,0,2428.29296875,,1,,0,0,0
,28,13,0,0,0,0,,9666.1328125,11006.552734375,11130.31640625,11969.34765625,11272.58203125,10639.296875,1,1,0,0,1606.44921875,,1,1,0,0,0
,51,8,1,0,1,0,,0,0,0,0,0,0,1,1,1,1,0,,1,1,0,0,0
,49,10,1,0,1,0,,0,0,0,0,0,111.375564575195,0,2,0,1,0,,1,,0,0,0
,23,16,0,0,0,0,,4743.56494140625,2817.67749023438,10222.400390625,6002.40625,11405.2001953125,3310.00366210938,0,0,0,0,6661.63525390625,,1,,0,0,0
,53,10,1,0,1,0,,0,0,0,0,0,0,0,0,1,1,0,,1,,0,0,0
,26,16,0,0,1,0,,21301.29296875,21462.77734375,22133.427734375,22165.458984375,21351.595703125,21575.595703125,0,1,0,0,50.302734375,,1,,0,0,0
,39,12,0,0,1,0,,18795.2578125,19473.1328125,19080.541015625,19210.064453125,21218.978515625,18914.306640625,0,0,0,0,2423.720703125,,1,,0,0,0
,35,10,1,0,1,0,,0,0,0,0,1856.66052246094,0,1,6,1,1,1856.66052246094,,1,1,0,0,0
,43,11,1,0,1,0,,0,0,0,236.431564331055,1299.66235351562,2790.2509765625,0,3,0,1,1299.66235351562,,1,,0,0,0
,49,10,1,0,1,0,,0,0,0,0,0,9378.9951171875,0,0,0,1,0,,1,,0,0,0
,35,11,1,0,0,0,,2685.03686523438,1015.98950195312,5487.24560546875,7684.02587890625,11362.7626953125,2344.74877929688,0,1,0,0,8677.7255859375,,1,,0,0,0
,40,12,0,0,0,0,,17560.140625,18118.478515625,18711.650390625,17141.2890625,17240.419921875,16608.63671875,0,0,0,0,-319.720703125,,1,,0,0,0
,52,7,1,0,1,0,,7249.599609375,0,0,0,0,7385.95849609375,0,2,0,0,-7249.599609375,,1,,0,0,0
,50,12,0,0,0,0,,10607.685546875,11963.2763671875,12149.53515625,12488.01953125,12332.205078125,10604.1259765625,0,1,0,0,1724.51953125,,1,,0,0,0
,37,10,1,0,1,0,,6086.08349609375,8466.5791015625,11057.173828125,6354.09814453125,10609.4892578125,7522.7353515625,0,3,0,0,4523.40576171875,,1,,0,0,0
,45,13,0,0,1,0,,17871.60546875,19865.98046875,19708.609375,19776.0234375,18964.4609375,18341.796875,0,0,0,0,1092.85546875,,1,,0,0,0
,23,16,0,0,0,0,,3043.04174804688,2031.97900390625,5565.158203125,9457.2626953125,7957.11669921875,1172.37438964844,0,0,0,0,4914.0751953125,,1,,0,0,0
,35,4,1,0,1,0,,5538.3359375,6287.28173828125,3498.09936523438,1572.26989746094,212.18977355957,3919.63818359375,0,4,0,0,-5326.14599609375,,1,,0,0,0
,35,12,0,0,1,0,,358.004913330078,1523.98425292969,8268.234375,7684.02587890625,14588.046875,7815.8291015625,0,4,0,0,14230.0419921875,,1,,0,0,0
,30,9,1,0,1,0,,0,0,0,0,0,0,0,3,1,1,0,,1,,0,0,0
,20,13,0,0,0,0,,1611.02209472656,4233.28955078125,9540.2705078125,8422.8740234375,7691.87939453125,3907.91455078125,0,0,0,0,6080.857421875,,1,,0,0,0
,42,12,0,0,1,0,,11142.9033203125,8708.7236328125,0,4433.091796875,5316.68017578125,9879.2080078125,0,0,0,0,-5826.22314453125,,1,,0,0,0
,30,11,1,0,1,0,,0,0,0,0,0,0,1,3,1,1,0,,1,1,0,0,0
,55,5,1,0,1,0,,3132.54296875,0,0,0,0,5861.87158203125,0,1,0,0,-3132.54296875,,1,,0,0,0
,45,13,0,0,1,0,,8592.1181640625,2926.0498046875,3905.15087890625,10343.880859375,3978.55834960938,8792.8076171875,0,2,0,0,-4613.5595703125,,1,,0,0,0
,22,12,0,0,1,0,,6265.0859375,5926.60546875,7600.41552734375,7388.486328125,795.711669921875,3907.91455078125,1,1,0,0,-5469.3740234375,,1,1,0,0,0
,34,14,0,1,0,0,,11277.1552734375,12276.5400390625,11877.63671875,11524.5615234375,10476.8701171875,11823.3955078125,0,2,0,0,-800.28515625,,1,,0,0,0
,50,7,1,0,1,0,,7768.70654296875,8297.2470703125,7791.22119140625,8313.5244140625,7825.82421875,7723.9931640625,0,1,0,0,57.11767578125,,1,,0,0,0
,26,11,1,0,0,0,,0,0,0,0,0,0,1,1,1,1,0,,1,1,0,0,0
,31,12,0,0,1,0,,10835.0185546875,11006.552734375,11130.31640625,11821.578125,3978.55834960938,7815.8291015625,0,1,0,0,-6856.4599609375,,1,,0,0,0
,51,9,1,0,1,0,,0,0,0,0,0,0,0,0,1,1,0,,1,,0,0,0
,41,8,1,0,1,0,,12530.171875,11616.146484375,6775.18212890625,12405.2685546875,9988.833984375,8398.1083984375,1,4,0,0,-2541.337890625,,1,1,0,0,0
,22,9,1,0,1,0,,12351.169921875,3386.63159179688,11766.333984375,12412.6572265625,13261.861328125,8374.6611328125,0,2,0,0,910.69140625,,1,,0,0,0
,21,15,0,0,0,0,,3580.04907226562,4741.2841796875,4770.13525390625,6649.6376953125,11670.4375,7425.03759765625,0,0,0,0,8090.388671875,,1,,0,0,0
,22,14,0,0,1,0,,0,6890.10205078125,3180.09033203125,3989.78271484375,11935.6748046875,0,1,2,1,1,11935.6748046875,,1,1,0,0,0
,24,11,1,0,1,0,,0,1015.98950195312,1113.03161621094,0,18566.60546875,0,1,3,1,1,18566.60546875,,1,1,0,0,0
,42,12,0,0,1,0,,0,0,0,0,0,0,1,1,1,1,0,,1,1,0,0,0
,46,12,0,0,1,0,,8037.21044921875,5418.61083984375,7950.2255859375,7684.02587890625,4641.6513671875,7972.1455078125,0,1,0,0,-3395.55908203125,,1,,0,0,0
,20,10,1,0,1,0,,4027.55541992188,2031.97900390625,7155.203125,7092.94677734375,4243.79541015625,97.6978607177734,1,2,0,0,216.239990234375,,1,1,0,0,0
,40,10,1,0,0,0,,24165.33203125,22013.10546875,19080.541015625,20687.76171875,13261.861328125,17194.82421875,0,2,0,0,-10903.470703125,,1,,0,0,0
,37,8,1,0,1,0,,10740.1474609375,10159.89453125,12084.3427734375,12247.1552734375,11206.2724609375,8448.9111328125,0,4,0,0,466.125,,1,,0,0,0
,39,8,1,0,1,0,,6444.08837890625,5079.947265625,6837.19384765625,16254.669921875,7957.11669921875,1953.95727539062,1,3,0,0,1513.0283203125,,1,1,0,0,0
,37,10,1,0,1,0,,0,0,2359.626953125,1489.51879882812,1392.49536132812,0,1,6,1,1,1392.49536132812,,1,1,0,0,0
,43,12,0,0,1,0,,7482.302734375,2709.30541992188,3180.09033203125,11716.662109375,15914.2333984375,9572.4365234375,0,6,0,0,8431.9306640625,,1,,0,0,0
,22,16,0,0,0,0,,11724.6611328125,12191.8740234375,12879.365234375,11969.34765625,9545.8876953125,5793.4833984375,0,0,0,0,-2178.7734375,,1,,0,0,0
,21,11,1,0,1,0,,0,0,0,0,0,1875.79895019531,1,2,0,1,0,,1,1,0,0,0
,22,12,0,0,0,0,,4117.056640625,10159.89453125,7155.203125,7388.486328125,7957.11669921875,5861.87158203125,0,0,0,0,3840.06005859375,,1,,0,0,0
,50,12,0,0,1,0,,0,10171.748046875,9222.26171875,7432.8173828125,9946.3955078125,10942.1611328125,0,0,0,1,9946.3955078125,,1,,0,0,0
,39,7,1,0,1,0,,8950.123046875,3517.01684570312,0,428.5322265625,0,8206.6201171875,0,4,0,0,-8950.123046875,,1,,0,0,0
,38,8,1,0,1,0,,8950.123046875,8160.0888671875,9126.859375,9302.1044921875,8911.970703125,8988.203125,1,5,0,0,-38.15234375,,1,1,0,0,0
,28,10,1,0,1,0,,7160.09814453125,6773.26318359375,16026.064453125,20244.453125,19892.791015625,5861.87158203125,1,2,0,0,12732.693359375,,1,1,0,0,0
,55,10,1,0,1,0,,15215.208984375,13516.046875,12720.361328125,13417.4912109375,13261.861328125,13544.83203125,0,2,0,0,-1953.34765625,,1,,0,0,0
,44,10,1,0,1,0,,5370.07373046875,5079.947265625,6399.931640625,4433.091796875,0,6975.62744140625,0,0,0,0,-5370.07373046875,,1,,0,0,0
,47,12,0,0,1,0,,10740.1474609375,12699.8681640625,12720.361328125,13299.275390625,11962.19921875,11723.7431640625,0,1,0,0,1222.0517578125,,1,,0,0,0
,32,17,0,0,0,0,,25060.34375,27093.052734375,30210.857421875,28076.248046875,26523.72265625,25206.048828125,0,0,0,0,1463.37890625,,1,,0,0,0
,24,12,0,0,1,0,,3580.04907226562,3386.63159179688,4452.12646484375,0,0,586.187194824219,0,2,0,0,-3580.04907226562,,1,,0,0,0
,38,12,0,0,1,0,,7403.54150390625,5926.60546875,7632.216796875,7831.79541015625,10874.7265625,6838.8505859375,0,2,0,0,3471.18505859375,,1,,0,0,0
,54,16,0,0,0,0,,13962.19140625,15239.8427734375,17490.49609375,17732.3671875,17107.80078125,14068.4921875,0,0,0,0,3145.609375,,1,,0,0,0
,55,14,0,0,1,0,,13425.1845703125,14054.521484375,13038.3701171875,15220.2822265625,13261.861328125,13286.9091796875,0,0,0,0,-163.3232421875,,1,,0,0,0
,40,14,0,0,1,0,,16110.2216796875,15239.8427734375,15502.9404296875,15811.361328125,14552.240234375,16092.7919921875,0,2,0,0,-1557.9814453125,,1,,0,0,0
,30,10,1,0,0,0,,0,0,0,0,0,3626.54467773438,0,2,0,1,0,,1,,0,0,0
,34,10,1,0,1,0,,0,0,0,0,2832.73364257812,0,1,6,1,1,2832.73364257812,,1,1,0,0,0
,46,11,1,0,1,0,,3107.48266601562,3894.62646484375,3975.11279296875,3694.2431640625,1989.27917480469,5979.109375,0,1,0,0,-1118.20349121094,,1,,0,0,0
,37,9,1,0,1,0,,0,0,0,0,0,0,0,0,1,1,0,,1,,0,0,0
,36,12,0,0,1,0,,0,0,0,0,0,0,1,3,1,1,0,,1,1,0,0,0
,22,11,1,0,1,0,,0,0,0,0,0,0,1,1,1,1,0,,1,1,0,0,0
,38,14,0,0,1,0,,0,0,0,0,0,9769.7861328125,1,3,0,1,0,,1,1,0,0,0
,49,12,0,0,1,0,,0,0,0,0,0,0,1,0,1,1,0,,1,1,0,0,0
,31,11,1,0,1,0,,1976.18713378906,0,4674.73291015625,8473.1162109375,10476.8701171875,4488.23974609375,0,3,0,0,8500.6826171875,,1,,0,0,0
,40,10,1,0,1,0,,7849.2578125,6603.931640625,6806.9833984375,7972.1767578125,7028.78662109375,6940.4560546875,1,4,0,0,-820.47119140625,,1,1,0,0,0
,47,13,0,0,0,0,,7518.103515625,8053.41015625,7271.2763671875,5763.01953125,5967.83740234375,8534.8857421875,0,1,0,0,-1550.26611328125,,1,,0,0,0
,52,11,1,0,0,0,,2685.03686523438,9651.900390625,11130.31640625,13003.736328125,12068.2939453125,5080.2890625,0,0,0,0,9383.2568359375,,1,,0,0,0
,31,12,0,0,0,0,,11814.162109375,11853.2109375,13356.37890625,13299.275390625,13261.861328125,11821.44140625,1,2,0,0,1447.69921875,,1,1,0,0,0
,46,13,0,0,1,0,,8948.3330078125,0,0,0,0,9195.3232421875,0,0,0,0,-8948.3330078125,,1,,0,0,0
,25,12,0,0,1,0,,3257.8447265625,4910.61572265625,6045.3515625,6872.77001953125,7051.33154296875,7112.404296875,0,3,0,0,3793.48681640625,,1,,0,0,0
,49,6,1,1,0,0,,2327.03198242188,501.221496582031,0,0,0,3157.59497070312,0,2,0,0,-2327.03198242188,,1,,0,0,0
,29,12,0,0,1,0,,6623.0908203125,7958.58447265625,9699.275390625,8275.1044921875,7294.0234375,6643.45458984375,0,0,0,0,670.9326171875,,1,,0,0,0
,44,13,0,0,1,0,,3383.146484375,0,0,0,3412.27685546875,1641.32409667969,1,8,0,0,29.13037109375,,1,1,0,0,0
,41,10,1,0,0,0,,0,0,0,147.769729614258,0,0,1,2,1,1,0,,1,1,0,0,0
,52,5,1,0,0,1,,429.605895996094,1625.58312988281,0,1034.38806152344,7957.11669921875,3712.51879882812,0,0,0,0,7527.5107421875,,1,,0,0,0
,38,12,0,0,1,0,,3347.34594726562,2243.6435546875,9540.2705078125,9556.2685546875,10671.8193359375,1485.00756835938,0,3,0,0,7324.4736328125,,1,,0,0,0
,42,12,0,0,0,0,,19511.267578125,19313.9609375,19875.564453125,18766.755859375,19494.935546875,18757.990234375,0,1,0,0,-16.33203125,,1,,0,0,0
,47,12,0,0,0,0,,8055.11083984375,11514.5478515625,12650.3994140625,12560.4267578125,11935.6748046875,11723.7431640625,0,1,0,0,3880.56396484375,,1,,0,0,0
,39,12,0,0,1,0,,12530.171875,13546.5263671875,14310.40625,13299.275390625,11935.6748046875,13677.701171875,0,3,0,0,-594.4970703125,,1,,0,0,0
,30,14,0,0,1,0,,13604.1865234375,13207.86328125,14270.6552734375,15220.2822265625,25606.001953125,12896.1181640625,0,2,0,0,12001.8154296875,,1,,0,0,0
,45,11,1,0,1,0,,7725.74609375,16933.158203125,20075.91015625,15959.130859375,17240.419921875,18425.81640625,0,0,0,0,9514.673828125,,1,,0,0,0
,43,17,0,0,0,0,,26850.369140625,27093.052734375,30210.857421875,31031.642578125,26523.72265625,25401.4453125,0,0,0,0,-326.646484375,,1,,0,0,0
,49,12,0,0,0,0,,20433.130859375,22013.10546875,21670.724609375,22165.458984375,18699.224609375,21102.73828125,0,1,0,0,-1733.90625,,1,,0,0,0
,40,9,1,0,1,0,,0,0,0,0,0,0,0,5,1,1,0,,1,,0,0,0
,27,12,0,0,0,0,,0,12022.5419921875,17490.49609375,12294.44140625,4694.69873046875,9769.7861328125,0,1,0,1,4694.69873046875,,1,,0,0,0
,44,13,0,0,1,0,,0,1354.65270996094,0,0,0,8329.7197265625,1,3,0,1,0,,1,1,0,0,0
,24,13,0,0,1,0,,10740.1474609375,10159.89453125,6360.1806640625,8866.18359375,12200.912109375,8792.8076171875,0,0,0,0,1460.7646484375,,1,,0,0,0
,33,10,1,0,1,0,,0,4233.28955078125,0,2955.39453125,3448.083984375,0,0,4,1,1,3448.083984375,,1,,0,0,0
,47,12,0,0,0,0,,10101.1083984375,0,8735.7080078125,14870.0673828125,15330.7119140625,12993.8154296875,0,1,0,0,5229.603515625,,1,,0,0,0
,55,7,1,0,0,0,,0,0,0,0,0,0,0,0,1,1,0,,1,,0,0,0
,52,4,1,0,0,1,,7697.10595703125,8849.2685546875,8013.82763671875,7388.486328125,3978.55834960938,8474.3125,0,1,0,0,-3718.54760742188,,1,,0,0,0
,44,9,1,0,1,0,,4475.0615234375,0,0,0,928.330261230469,7034.24609375,1,6,0,0,-3546.73120117188,,1,1,0,0,0
,52,11,1,0,1,0,,11540.2880859375,15097.603515625,14342.20703125,12861.876953125,13086.8046875,14742.607421875,0,1,0,0,1546.5166015625,,1,,0,0,0
,43,12,0,0,0,0,,14502.779296875,16794.306640625,17331.4921875,16250.2373046875,16119.7919921875,15631.658203125,0,1,0,0,1617.0126953125,,1,,0,0,0
,54,16,0,0,0,0,,0,0,0,0,0,0,0,0,1,1,0,,1,,0,0,0
,27,17,0,0,0,0,,11853.54296875,20116.591796875,20125.201171875,19891.283203125,20387.458984375,14160.328125,0,0,0,0,8533.916015625,,1,,0,0,0
,26,17,0,0,0,0,,18616.255859375,17000.890625,17490.49609375,20687.76171875,35143.93359375,17468.376953125,0,0,0,0,16527.677734375,,1,,0,0,0
,47,2,1,0,0,1,,0,0,0,0,0,3704.70288085938,0,3,0,1,0,,1,,0,0,0
,47,11,1,0,1,0,,8055.11083984375,8127.916015625,8347.7373046875,6371.83056640625,4509.03271484375,7229.64208984375,0,1,0,0,-3546.078125,,1,,0,0,0
,35,11,1,0,0,0,,2278.70141601562,1523.98425292969,6042.17138671875,0,31828.466796875,2374.05810546875,1,2,0,0,29549.765625,,1,1,0,0,0
,37,12,0,0,0,0,,25955.357421875,33866.31640625,36253.02734375,32509.33984375,29176.09375,33998.85546875,0,2,0,0,3220.736328125,,1,,0,0,0
,20,11,1,0,0,0,,0,0,0,2648.03344726562,17240.419921875,1172.37438964844,1,1,0,1,17240.419921875,,1,1,0,0,0
,25,12,0,0,1,0,,2685.03686523438,8466.5791015625,1590.04516601562,617.677490234375,46063.75,488.489318847656,1,1,0,0,43378.71484375,,1,1,0,0,0
,47,8,1,0,1,0,,0,0,0,0,0,0,0,6,1,1,0,,1,,0,0,0
,52,14,0,1,0,0,,17184.236328125,4402.62109375,7155.203125,8866.18359375,13129.2421875,11723.7431640625,0,0,0,0,-4054.994140625,,1,,0,0,0
,42,12,0,0,1,0,,4648.69384765625,2201.310546875,0,0,0,3907.91455078125,0,0,0,0,-4648.69384765625,,1,,0,0,0
,35,11,1,0,1,0,,6515.689453125,6295.748046875,7473.2119140625,6948.1328125,9283.302734375,6838.8505859375,0,4,0,0,2767.61328125,,1,,0,0,0
,47,7,1,0,1,0,,0,0,0,0,17903.51171875,0,1,1,1,1,17903.51171875,,1,1,0,0,0
,40,8,1,0,0,0,,0,0,0,0,0,0,1,3,1,1,0,,1,1,0,0,0
,22,16,0,0,0,0,,14535,11853.2109375,11130.31640625,13668.7001953125,13261.861328125,2930.93579101562,0,0,0,0,-1273.138671875,,1,,0,0,0
,44,8,1,0,1,0,,5584.876953125,5283.1455078125,4960.94091796875,5763.01953125,8275.4013671875,6377.71630859375,1,6,0,0,2690.5244140625,,1,1,0,0,0
,48,8,1,0,1,0,,5012.06884765625,2539.9736328125,6360.1806640625,6797.40771484375,8620.2099609375,5861.87158203125,0,1,0,0,3608.14111328125,,1,,0,0,0
,27,7,1,0,1,0,,0,0,9508.4697265625,1773.23669433594,3315.46533203125,0,0,5,1,1,3315.46533203125,,1,,0,0,0
,40,5,1,0,1,0,,0,0,0,0,0,0,0,0,1,1,0,,1,,0,0,0
,28,10,1,0,1,0,,0,0,599.447021484375,0,0,0,0,4,1,1,0,,1,,0,0,0
,35,12,0,0,1,0,,1772.12438964844,0,3816.1083984375,2364.31567382812,8354.97265625,0,1,5,1,0,6582.84814453125,,1,1,0,0,0
,43,11,1,0,0,0,,8950.123046875,11760.078125,6042.17138671875,10934.9599609375,15516.3779296875,8792.8076171875,0,2,0,0,6566.2548828125,,1,,0,0,0
,24,12,0,0,1,0,,214.802947998047,0,0,2216.5458984375,0,1055.13696289062,1,2,0,0,-214.802947998047,,1,1,0,0,0
,24,12,0,0,1,0,,0,76.1992111206055,381.61083984375,295.539459228516,2068.85034179688,117.237434387207,1,8,0,1,2068.85034179688,,1,1,0,0,0
,26,12,0,0,1,0,,0,0,0,0,0,0,1,6,1,1,0,,1,1,0,0,0
,24,11,1,0,1,0,,0,0,0,3723.79711914062,9283.302734375,0,1,2,1,1,9283.302734375,,1,1,0,0,0
,52,12,0,0,1,0,,7160.09814453125,8466.5791015625,10017.2841796875,8866.18359375,10609.4892578125,6057.267578125,0,0,0,0,3449.39111328125,,1,,0,0,0
,43,12,0,0,0,0,,3580.04907226562,7619.92138671875,12235.3974609375,15146.3974609375,11935.6748046875,0,1,3,1,0,8355.6259765625,,1,1,0,0,0
,28,15,0,0,0,0,,17900.24609375,11853.2109375,13356.37890625,16254.669921875,17903.51171875,10160.578125,0,0,0,0,3.265625,,1,,0,0,0
,38,12,0,0,0,0,,16965.853515625,17244.728515625,17477.775390625,16739.35546875,14720.666015625,15659.013671875,0,1,0,0,-2245.1875,,1,,0,0,0
,35,10,1,0,1,0,,2237.53076171875,0,0,6457.537109375,2652.37231445312,0,0,2,1,0,414.841552734375,,1,,0,0,0
,24,12,0,0,0,0,,5370.07373046875,9313.2373046875,9540.2705078125,11242.3212890625,7028.78662109375,9769.7861328125,0,0,0,0,1658.712890625,,1,,0,0,0
,38,12,0,0,1,0,,7160.09814453125,8466.5791015625,0,0,5941.31396484375,7385.95849609375,1,5,0,0,-1218.7841796875,,1,1,0,0,0
,22,14,0,0,1,0,,13156.6806640625,13207.86328125,16536.46875,18057.4609375,12731.38671875,9769.7861328125,0,1,0,0,-425.2939453125,,1,,0,0,0
,47,10,1,0,1,0,,9132.705078125,11006.552734375,11130.31640625,11987.080078125,10609.4892578125,5588.31787109375,0,1,0,0,1476.7841796875,,1,,0,0,0
,32,17,0,0,1,0,,24487.537109375,24383.748046875,23214.658203125,22460.998046875,21722.927734375,11528.34765625,0,0,0,0,-2764.609375,,1,,0,0,0
,49,10,1,0,0,0,,0,507.994750976562,0,0,0,0,0,0,1,1,0,,1,,0,0,0
,24,16,0,0,0,0,,12530.171875,13553.2998046875,14230.904296875,11526.0390625,4482.50927734375,12896.1181640625,0,0,0,0,-8047.66259765625,,1,,0,0,0
,51,12,0,0,1,0,,0,118.532104492188,0,0,1326.18615722656,0,0,0,1,1,1326.18615722656,,1,,0,0,0
,23,10,1,0,0,0,,0,1354.65270996094,4770.13525390625,6722.044921875,1989.27917480469,976.978637695312,1,1,0,1,1989.27917480469,,1,1,0,0,0
,45,12,0,0,1,0,,5370.07373046875,9863.564453125,8745.248046875,8866.18359375,7957.11669921875,5861.87158203125,0,2,0,0,2587.04296875,,1,,0,0,0
,21,9,1,0,1,0,,0,846.657897949219,0,0,0,277.461944580078,1,2,0,1,0,,1,1,0,0,0
,42,5,1,0,1,0,,0,0,3180.09033203125,0,0,0,0,2,1,1,0,,1,,0,0,0
,25,12,0,0,1,0,,7160.09814453125,6302.521484375,8745.248046875,11820.1005859375,10283.2470703125,5265.9150390625,0,1,0,0,3123.14892578125,,1,,0,0,0
,24,16,0,0,0,0,,16844.130859375,12015.76953125,10915.66015625,7979.5654296875,12068.2939453125,10004.2607421875,0,0,0,0,-4775.8369140625,,1,,0,0,0
,32,12,0,0,0,0,,17005.234375,16933.158203125,17490.49609375,16993.51953125,15914.2333984375,16413.240234375,0,1,0,0,-1091.0009765625,,1,,0,0,0
,47,12,0,0,1,0,,19690.271484375,22013.10546875,31800.90234375,29553.9453125,27849.908203125,26261.185546875,0,4,0,0,8159.63671875,,1,,0,0,0
,42,14,0,0,1,0,,23270.3203125,26246.39453125,24645.69921875,26598.55078125,25197.537109375,20516.55078125,0,4,0,0,1927.216796875,,1,,0,0,0
,34,12,0,0,1,0,,22375.306640625,30122.39453125,33390.94921875,36942.43359375,39785.58203125,12114.53515625,0,5,0,0,17410.275390625,,1,,0,0,0
,25,13,0,0,1,0,,6265.0859375,15239.8427734375,20931.353515625,19210.064453125,15914.2333984375,12700.72265625,1,3,0,0,9649.1474609375,,1,1,0,0,0
,39,10,1,0,1,0,,1074.01477050781,0,4889.388671875,4034.11352539062,1326.18615722656,3907.91455078125,0,2,0,0,252.17138671875,,1,,0,0,0
,38,9,1,0,0,1,,5155.27099609375,3251.16625976562,3456.75805664062,0,7161.40478515625,4388.587890625,0,5,0,0,2006.1337890625,,1,,0,0,0
,29,11,1,0,1,0,,17631.7421875,27069.34765625,29097.826171875,28194.46484375,30502.28125,17781.01171875,0,1,0,0,12870.5390625,,1,,0,0,0
,53,12,0,0,0,0,,6694.69189453125,3386.63159179688,3804.97802734375,4433.091796875,2974.63549804688,4884.89306640625,0,0,0,0,-3720.05639648438,,1,,0,0,0
,51,13,0,0,1,0,,9377.9384765625,9841.5517578125,9322.4345703125,8866.18359375,13261.861328125,9816.681640625,0,1,0,0,3883.9228515625,,1,,0,0,0
,28,11,1,0,0,0,,2352.09228515625,6820.67626953125,5088.14453125,4710.89892578125,5162.8427734375,6530.125,0,1,0,0,2810.75048828125,,1,,0,0,0
,32,9,1,0,1,0,,0,0,4774.90576171875,19505.603515625,21218.978515625,0,0,7,1,1,21218.978515625,,1,,0,0,0
,36,17,0,0,0,0,,28998.3984375,29633.02734375,34790.1875,35464.734375,23871.349609375,30249.212890625,0,1,0,0,-5127.048828125,,1,,0,0,0
,40,10,1,0,0,0,,2148.02954101562,3386.63159179688,3657.10375976562,5378.81787109375,9018.0654296875,1758.5615234375,0,4,0,0,6870.0361328125,,1,,0,0,0
,36,10,1,0,1,0,,0,0,0,0,0,0,1,2,1,1,0,,1,1,0,0,0
,44,10,1,0,1,0,,0,0,0,0,0,0,1,4,1,1,0,,1,1,0,0,0
,44,17,0,0,0,0,,31719.236328125,33234.7109375,31231.666015625,31415.84375,30502.28125,31497.791015625,0,0,0,0,-1216.955078125,,1,,0,0,0
,47,12,0,0,1,0,,5370.07373046875,7530.17529296875,6837.19384765625,7506.7021484375,6498.31201171875,3907.91455078125,0,3,0,0,1128.23828125,,1,,0,0,0
,37,12,0,0,1,0,,0,5418.61083984375,9540.2705078125,11082.7294921875,16577.326171875,0,0,5,1,1,16577.326171875,,1,,0,0,0
,24,12,0,0,1,0,,0,0,0,5121.69873046875,5304.74462890625,4318.24560546875,0,4,0,1,5304.74462890625,,1,,0,0,0
,30,12,0,0,1,0,,18079.248046875,22013.10546875,20670.5859375,22165.458984375,23871.349609375,17585.615234375,0,2,0,0,5792.1015625,,1,,0,0,0
,32,11,1,0,1,0,,10740.1474609375,20319.7890625,15105.4287109375,22165.458984375,20555.884765625,11723.7431640625,0,7,0,0,9815.7373046875,,1,,0,0,0
,36,6,1,0,1,0,,0,3285.03271484375,1987.55639648438,1921.00646972656,1326.18615722656,1172.37438964844,1,2,0,1,1326.18615722656,,1,1,0,0,0
,55,8,1,0,1,0,,15345.880859375,14393.1845703125,17013.482421875,17674.736328125,15077.41015625,15928.6591796875,0,1,0,0,-268.470703125,,1,,0,0,0
,38,7,1,0,1,0,,0,0,0,0,0,0,0,3,1,1,0,,1,,0,0,0
,42,11,1,0,1,0,,0,0,0,4580.861328125,5967.83740234375,0,1,4,1,1,5967.83740234375,,1,1,0,0,0
,32,9,1,0,1,0,,11814.162109375,14054.521484375,16558.73046875,18175.67578125,16179.470703125,10160.578125,1,4,0,0,4365.30859375,,1,1,0,0,0
,34,5,1,0,1,0,,0,0,2391.42797851562,5319.71044921875,9499.470703125,0,1,6,1,1,9499.470703125,,1,1,0,0,0
,39,11,1,0,1,0,,0,0,0,0,0,0,1,3,1,1,0,,1,1,0,0,0
,25,15,0,0,0,0,,7518.103515625,7619.92138671875,22260.6328125,31031.642578125,23871.349609375,9724.845703125,0,0,0,0,16353.24609375,,1,,0,0,0
,21,11,1,0,1,0,,0,0,795.022583007812,0,0,976.978637695312,1,1,0,1,0,,1,1,0,0,0
,27,12,0,0,0,0,,17900.24609375,7281.2578125,15900.451171875,14776.97265625,39785.58203125,9769.7861328125,0,0,0,0,21885.3359375,,1,,0,0,0
,23,11,1,0,1,0,,651.568969726562,1523.98425292969,5724.16259765625,6649.6376953125,7406.74951171875,1328.69091796875,1,1,0,0,6755.1806640625,,1,1,0,0,0
,26,12,0,0,0,0,,5522.22607421875,8686.7099609375,11130.31640625,5910.7890625,3978.55834960938,7806.05908203125,0,0,0,0,-1543.66772460938,,1,,0,0,0
,50,12,0,0,1,0,,11456.1572265625,11983.595703125,11130.31640625,11951.615234375,11272.58203125,11723.7431640625,0,0,0,0,-183.5751953125,,1,,0,0,0
,37,11,1,0,0,0,,8950.123046875,8127.916015625,8586.244140625,7979.5654296875,8620.2099609375,6401.1640625,0,1,0,0,-329.9130859375,,1,,0,0,0
,54,8,1,0,0,0,,3580.04907226562,4021.625,4293.1220703125,4654.74658203125,4641.6513671875,3743.7822265625,0,1,0,0,1061.60229492188,,1,,0,0,0
,32,2,1,0,1,0,,5733.44873046875,5083.333984375,4199.30908203125,1773.23669433594,0,6096.3466796875,0,6,0,0,-5733.44873046875,,1,,0,0,0
,25,9,1,0,1,0,,660.519104003906,9753.4990234375,8745.248046875,6649.6376953125,10476.8701171875,4689.49755859375,0,3,0,0,9816.3505859375,,1,,0,0,0
,40,8,1,0,1,0,,17302.376953125,12760.828125,14310.40625,12331.3837890625,11434.376953125,12567.853515625,0,2,0,0,-5868,,1,,0,0,0
,29,9,1,0,1,0,,1790.02453613281,10159.89453125,15226.2724609375,11784.6357421875,10476.8701171875,2442.44653320312,1,7,0,0,8686.845703125,,1,1,0,0,0
,21,9,1,0,1,0,,3093.16259765625,4673.5517578125,8586.244140625,2955.39453125,4888.32177734375,7425.03759765625,0,3,0,0,1795.1591796875,,1,,0,0,0
,46,11,1,0,0,0,,0,0,0,0,26523.72265625,6819.31103515625,0,0,0,1,26523.72265625,,1,,0,0,0
,46,14,0,0,1,0,,9845.1357421875,9890.6572265625,9858.2802734375,10023.220703125,11736.7470703125,11723.7431640625,0,8,0,0,1891.611328125,,1,,0,0,0
,46,17,0,0,0,0,,7697.10595703125,8889.908203125,10176.2890625,9605.0322265625,7294.0234375,8402.0166015625,0,0,0,0,-403.08251953125,,1,,0,0,0
,21,12,0,0,0,0,,4117.056640625,3047.96850585938,11130.31640625,0,1458.8046875,4494.1015625,0,0,0,0,-2658.251953125,,1,,0,0,0
,52,9,1,0,1,0,,5370.07373046875,6502.33251953125,6757.69189453125,6096.97900390625,6697.23974609375,7573.53857421875,0,1,0,0,1327.166015625,,1,,0,0,0
,23,13,0,0,0,1,,1653.98266601562,778.92529296875,2385.06762695312,4580.861328125,9415.921875,2344.74877929688,0,0,0,0,7761.939453125,,1,,0,0,0
,46,17,0,0,0,0,,7160.09814453125,6773.26318359375,7155.203125,7388.486328125,7957.11669921875,7815.8291015625,0,0,0,0,797.0185546875,,1,,0,0,0
,41,12,0,0,0,0,,0,0,0,0,0,0,1,1,1,1,0,,1,1,0,0,0
,22,12,0,0,0,0,,2148.02954101562,0,0,8570.64453125,4641.6513671875,15297.53125,0,0,0,0,2493.62182617188,,1,,0,0,0
,25,16,0,0,1,0,,21480.294921875,16933.158203125,20034.568359375,19948.9140625,27849.908203125,20516.55078125,0,0,0,0,6369.61328125,,1,,0,0,0
,41,5,1,0,1,0,,0,0,5891.1171875,5910.7890625,9137.421875,0,1,7,1,1,9137.421875,,1,1,0,0,0
,32,13,0,0,0,0,,13425.1845703125,17779.81640625,22260.6328125,0,13527.0986328125,15338.564453125,0,0,0,0,101.9140625,,1,,0,0,0
,21,12,0,0,1,0,,1933.2265625,1591.71691894531,0,1595.9130859375,1124.60583496094,0,1,1,1,0,-808.620727539062,,1,1,0,0,0
,23,12,0,0,1,0,,15215.208984375,14223.8525390625,14946.423828125,11821.578125,13261.861328125,15631.658203125,0,0,0,0,-1953.34765625,,1,,0,0,0
,53,9,1,0,0,0,,1032.84423828125,6637.7978515625,7155.203125,0,0,7815.8291015625,0,0,0,0,-1032.84423828125,,1,,0,0,0
,52,9,1,0,1,0,,0,0,0,0,0,164.132415771484,0,1,0,1,0,,1,,0,0,0
,20,10,1,0,1,0,,6444.08837890625,6095.93701171875,477.013549804688,3635.13525390625,397.855834960938,1293.51965332031,0,2,0,0,-6046.232421875,,1,,0,0,0
,37,16,0,0,1,0,,12530.171875,18965.13671875,27428.279296875,28667.328125,32756.796875,29113.962890625,1,3,0,0,20226.625,,1,1,0,0,0
,24,16,0,0,1,0,,4475.0615234375,3894.62646484375,10017.2841796875,5999.451171875,6630.9306640625,8792.8076171875,0,0,0,0,2155.869140625,,1,,0,0,0
,24,12,0,0,1,0,,14320.1962890625,15578.505859375,14310.40625,13890.3544921875,10609.4892578125,15846.59375,0,0,0,0,-3710.70703125,,1,,0,0,0
,26,9,1,0,1,0,,0,0,0,0,0,0,0,1,1,1,0,,1,,0,0,0
,37,10,1,0,1,0,,895.012268066406,5272.9853515625,6519.18505859375,4433.091796875,265.237213134766,4572.259765625,0,1,0,0,-629.775024414062,,1,,0,0,0
,24,16,0,0,0,0,,16468.2265625,16933.158203125,18921.537109375,19210.064453125,16577.326171875,16804.033203125,0,0,0,0,109.099609375,,1,,0,0,0
,26,14,0,0,1,0,,0,8805.2421875,11607.3291015625,9965.5908203125,4011.712890625,2325.20922851562,1,2,0,1,4011.712890625,,1,1,0,0,0
,36,10,1,0,1,0,,0,84.6657943725586,0,0,0,451.364135742188,0,0,0,1,0,,1,,0,0,0
,39,9,1,0,0,0,,1235.11694335938,9313.2373046875,8815.2099609375,10196.111328125,5225.17333984375,0,0,3,1,0,3990.05639648438,,1,,0,0,0
,45,6,1,0,1,0,,10238.9404296875,9753.4990234375,7492.29248046875,5201.49462890625,7002.2626953125,11450.189453125,1,5,0,0,-3236.677734375,,1,1,0,0,0
,40,12,0,1,1,0,,2148.02954101562,0,0,0,0,6252.6630859375,0,2,0,0,-2148.02954101562,,1,,0,0,0
,50,0,1,0,0,0,,0,0,0,0,0,0,0,1,1,1,0,,1,,0,0,0
,45,14,0,0,1,0,,0,3047.96850585938,5409.33349609375,5378.81787109375,4827.3173828125,0,0,2,1,1,4827.3173828125,,1,,0,0,0
,36,12,0,0,1,0,,5370.07373046875,5079.947265625,0,4433.091796875,11935.6748046875,0,1,4,1,0,6565.60107421875,,1,1,0,0,0
,40,8,1,0,1,0,,7339.1005859375,5079.947265625,5415.69384765625,7388.486328125,5779.51904296875,4884.89306640625,0,2,0,0,-1559.58154296875,,1,,0,0,0
,36,12,0,0,1,0,,6981.095703125,677.326354980469,4770.13525390625,2955.39453125,8752.828125,1953.95727539062,0,4,0,0,1771.732421875,,1,,0,0,0
,26,12,0,0,0,0,,17277.31640625,18382.63671875,19538.474609375,20015.41015625,20053.259765625,16227.615234375,0,0,0,0,2775.943359375,,1,,0,0,0
,24,16,0,0,0,0,,19332.265625,25061.07421875,22260.6328125,19210.064453125,18566.60546875,17194.82421875,0,0,0,0,-765.66015625,,1,,0,0,0
,42,10,1,0,1,0,,10310.5419921875,6773.26318359375,8713.447265625,9220.8310546875,8991.5419921875,14850.0751953125,0,2,0,0,-1319,,1,,0,0,0
,25,9,1,0,1,0,,0,0,0,5910.7890625,6630.9306640625,168.040328979492,1,2,0,1,6630.9306640625,,1,1,0,0,0
,44,10,1,0,1,0,,5370.07373046875,0,0,0,0,2286.1298828125,0,0,0,0,-5370.07373046875,,1,,0,0,0
,42,8,1,0,0,1,,0,0,0,0,0,0,1,1,1,1,0,,1,1,0,0,0
,24,12,0,0,1,0,,2062.1083984375,0,0,2738.17309570312,0,0,1,2,1,0,-2062.1083984375,,1,1,0,0,0
,54,17,0,0,0,0,,39201.5390625,36983.7109375,36725.2734375,36157.7734375,33917.2109375,35562.0234375,0,0,0,0,-5284.328125,,1,,0,0,0
,40,11,1,0,0,0,,6846.84423828125,2031.97900390625,0,3546.47338867188,0,0,0,0,1,0,-6846.84423828125,,1,,0,0,0
,37,11,1,0,0,1,,0,0,0,0,0,0,1,4,1,1,0,,1,1,0,0,0
,26,12,0,0,0,0,,0,0,10176.2890625,376.812805175781,7957.11669921875,3126.33154296875,1,2,0,1,7957.11669921875,,1,1,0,0,0
,51,11,1,0,1,0,,0,0,1120.98181152344,4728.63134765625,5516.93408203125,0,0,2,1,1,5516.93408203125,,1,,0,0,0
,22,11,1,0,1,0,,0,0,0,0,0,0,0,2,1,1,0,,1,,0,0,0
,22,12,0,0,0,1,,13006.318359375,12869.2001953125,13833.392578125,13299.275390625,13261.861328125,9476.6923828125,0,1,0,0,255.54296875,,1,,0,0,0
,41,10,1,0,1,0,,7518.103515625,5012.21484375,9540.2705078125,3936.58544921875,4440.0712890625,6877.9296875,0,0,0,0,-3078.0322265625,,1,,0,0,0
,26,9,1,0,1,0,,0,0,1144.83251953125,0,0,0,0,3,1,1,0,,1,,0,0,0
,36,7,1,0,1,0,,358.004913330078,270.930541992188,0,0,1060.94885253906,281.369842529297,0,1,0,0,702.943969726562,,1,,0,0,0
,30,11,1,0,1,0,,0,0,0,7388.486328125,0,0,0,0,1,1,0,,1,,0,0,0
,42,11,1,0,1,0,,8055.11083984375,10159.89453125,10236.7109375,11051.6982421875,10316.4013671875,7385.95849609375,0,0,0,0,2261.29052734375,,1,,0,0,0
,27,12,0,0,0,0,,22060.263671875,23333.892578125,17172.48828125,22667.876953125,23871.349609375,17390.21875,0,0,0,0,1811.0859375,,1,,0,0,0
,53,13,0,0,1,0,,19690.271484375,16933.158203125,19080.541015625,14909.9658203125,15548.2060546875,19539.572265625,0,1,0,0,-4142.0654296875,,1,,0,0,0
,44,11,1,0,1,0,,7160.09814453125,2768.5712890625,3180.09033203125,4433.091796875,6100.4560546875,7815.8291015625,1,3,0,0,-1059.64208984375,,1,1,0,0,0
,40,12,0,0,0,0,,8055.11083984375,7111.92626953125,6837.19384765625,7388.486328125,6630.9306640625,7620.43310546875,0,2,0,0,-1424.18017578125,,1,,0,0,0
,37,12,0,0,1,0,,10740.1474609375,8466.5791015625,10335.29296875,9585.822265625,10079.0146484375,12700.72265625,0,2,0,0,-661.1328125,,1,,0,0,0
,33,13,0,0,0,0,,17721.244140625,18457.142578125,20988.595703125,18138.734375,18855.71484375,18562.59375,0,1,0,0,1134.470703125,,1,,0,0,0
,23,16,0,0,0,0,,10740.1474609375,12276.5400390625,12402.3525390625,14555.318359375,14588.046875,12309.9306640625,0,0,0,0,3847.8994140625,,1,,0,0,0
,48,7,1,0,1,0,,0,0,0,0,0,0,1,1,1,1,0,,1,1,0,0,0
,47,12,0,0,0,0,,14320.1962890625,13546.5263671875,13833.392578125,14185.8935546875,13304.298828125,14850.0751953125,0,3,0,0,-1015.8974609375,,1,,0,0,0
,46,15,0,0,0,0,,2685.03686523438,3386.63159179688,9540.2705078125,28560.93359375,39785.58203125,5861.87158203125,0,2,0,0,37100.546875,,1,,0,0,0
,41,11,1,0,1,0,,456.456268310547,0,0,0,0,0,0,3,1,0,-456.456268310547,,1,,0,0,0
,31,12,0,0,1,0,,5370.07373046875,0,0,0,0,7385.95849609375,1,5,0,0,-5370.07373046875,,1,1,0,0,0
,48,11,1,0,0,0,,6513.8994140625,5079.947265625,1941.44506835938,5260.6025390625,8459.7412109375,5861.87158203125,0,0,0,0,1945.841796875,,1,,0,0,0
,26,12,0,0,1,0,,6988.255859375,10159.89453125,12402.3525390625,6826.96142578125,0,7034.24609375,0,1,0,0,-6988.255859375,,1,,0,0,0
,33,12,0,0,1,0,,0,0,146.284149169922,2216.5458984375,6896.16796875,0,1,2,1,1,6896.16796875,,1,1,0,0,0
,23,12,0,0,1,0,,8395.2158203125,3386.63159179688,318.009033203125,0,0,3907.91455078125,0,0,0,0,-8395.2158203125,,1,,0,0,0
,27,11,1,0,1,0,,0,1439.31848144531,0,8866.18359375,10609.4892578125,468.949737548828,1,1,0,1,10609.4892578125,,1,1,0,0,0
,52,8,1,0,1,0,,143.201965332031,0,381.61083984375,1063.94201660156,0,234.474868774414,1,3,0,0,-143.201965332031,,1,1,0,0,0
,46,8,1,0,1,0,,0,0,0,0,0,0,1,3,1,1,0,,1,1,0,0,0
,23,12,0,0,1,0,,8509.77734375,11704.19921875,7886.6240234375,4433.091796875,10277.9423828125,7878.35546875,1,4,0,0,1768.1650390625,,1,1,0,0,0
,42,14,0,0,0,0,,17900.24609375,8466.5791015625,636.01806640625,5171.9404296875,2652.37231445312,5861.87158203125,0,0,0,0,-15247.8740234375,,1,,0,0,0
,39,12,0,0,1,0,,4654.06396484375,4063.9580078125,7950.2255859375,7388.486328125,7294.0234375,3907.91455078125,1,5,0,0,2639.95947265625,,1,1,0,0,0
,47,7,1,0,1,0,,6802.09326171875,8466.5791015625,9222.26171875,8866.18359375,8620.2099609375,4884.89306640625,0,2,0,0,1818.11669921875,,1,,0,0,0
,46,8,1,0,1,0,,0,0,0,0,0,0,1,0,1,1,0,,1,1,0,0,0
,37,17,0,0,0,0,,28640.392578125,28786.369140625,27030.767578125,26598.55078125,26523.72265625,29309.359375,0,0,0,0,-2116.669921875,,1,,0,0,0
,47,12,0,0,1,0,,716.009826660156,2539.9736328125,1516.90307617188,531.971008300781,663.093078613281,0,1,4,1,0,-52.916748046875,,1,1,0,0,0
,24,12,0,0,1,0,,10093.9482421875,13610.8720703125,14418.529296875,14429.7138671875,14210.083984375,6256.5712890625,0,1,0,0,4116.1357421875,,1,,0,0,0
,44,12,0,0,1,0,,7160.09814453125,8466.5791015625,9540.2705078125,11821.578125,0,13677.701171875,1,5,0,0,-7160.09814453125,,1,1,0,0,0
,20,12,0,0,1,0,,3580.04907226562,3386.63159179688,5800.48486328125,6945.17724609375,14588.046875,6205.76806640625,0,1,0,0,11007.998046875,,1,,0,0,0
,55,12,0,0,1,0,,15766.5361328125,16425.1640625,16218.4599609375,15475.923828125,4243.79541015625,8583.734375,0,0,0,0,-11522.740234375,,1,,0,0,0
,53,12,0,0,0,0,,16276.693359375,17441.15234375,15452.05859375,16106.900390625,14366.57421875,15240.8662109375,0,1,0,0,-1910.119140625,,1,,0,0,0
,35,10,1,0,1,0,,0,0,0,0,0,0,0,5,1,1,0,,1,,0,0,0
,24,8,1,0,0,0,,0,0,1272.0361328125,0,0,0,1,4,1,1,0,,1,1,0,0,0
,35,11,1,0,1,0,,0,6773.26318359375,9540.2705078125,5910.7890625,2387.13500976562,0,1,2,1,1,2387.13500976562,,1,1,0,0,0
,46,14,0,0,0,0,,5907.0810546875,20153.845703125,20072.73046875,19010.576171875,18931.306640625,6252.6630859375,0,1,0,0,13024.2255859375,,1,,0,0,0
,42,8,1,0,0,1,,0,0,0,0,0,4689.49755859375,1,1,0,1,0,,1,1,0,0,0
,21,14,0,0,1,0,,4475.0615234375,6773.26318359375,3370.89575195312,4041.501953125,5967.83740234375,1953.95727539062,0,0,0,0,1492.77587890625,,1,,0,0,0
,37,13,0,0,1,0,,0,3386.63159179688,23850.677734375,1477.697265625,0,0,1,5,1,1,0,,1,1,0,0,0
,48,12,0,0,0,0,,1432.01965332031,794.165100097656,12720.361328125,13299.275390625,12598.7685546875,3907.91455078125,0,1,0,0,11166.7490234375,,1,,0,0,0
,47,8,1,1,1,0,,0,0,0,0,0,0,0,3,1,1,0,,1,,0,0,0
,41,11,1,0,1,0,,10740.1474609375,6095.93701171875,9444.8681640625,11821.578125,11272.58203125,12700.72265625,0,1,0,0,532.4345703125,,1,,0,0,0
,33,12,0,0,1,0,,4475.0615234375,0,1367.43884277344,7876.12646484375,13261.861328125,3446.78051757812,0,2,0,0,8786.7998046875,,1,,0,0,0
,22,12,0,0,1,0,,10740.1474609375,10320.759765625,8745.248046875,11082.7294921875,10609.4892578125,6838.8505859375,0,1,0,0,-130.658203125,,1,,0,0,0
